knee_angle,hip_angle,elbow_angle,shoulder_angle,velocity,rom,exercise
151.91648388447706,163.16635319256156,175.75793759734148,23.947360581187276,20.35950826764145,88.7811175818378,knee_flexion
150.89117615922822,173.5819291583086,153.8434089802664,19.00771875791134,50.78778266558393,86.33824944243008,knee_flexion
141.50920960645317,174.6828483981249,163.30242596481995,14.544774435695537,71.00432657174183,43.190862805208766,knee_flexion
156.21049375940657,168.94993197366193,172.74263220256123,17.09051936259737,116.77678268343936,84.65605606610988,knee_flexion
152.27067976590095,155.83916123555903,164.00163011181104,10.876075315744576,26.971844127430263,74.15244766212274,knee_flexion
149.58097247262538,179.0252919730263,159.77476074414454,17.40919412069738,61.65113924033887,49.47356795421429,knee_flexion
100.39372042683773,164.27114778677802,156.80728047152652,23.396279893650206,58.08671107595638,81.63390980289188,knee_flexion
146.02120816017992,159.37099924146122,174.96779404185602,26.095287149936038,52.62262169331919,54.4164051965122,knee_flexion
144.59964031799802,154.1925745082793,155.99724607425324,10.14724539502011,96.56168152523523,73.2425428296016,knee_flexion
146.4132302901068,173.42187093065903,163.7674732661502,21.374823919057874,25.37766979404232,45.72650367679867,knee_flexion
143.47223694323773,164.13288618429397,166.95708319443565,25.29997714832051,79.819015200065,67.6789700328998,knee_flexion
134.7365728596331,159.11850294187838,150.92453503703817,18.734347784647248,33.604314010148215,60.42643218623181,knee_flexion
158.27224586145329,157.01818457596022,151.749082250672,15.627677840439931,42.2953133543352,73.09582573634475,knee_flexion
134.56257218730227,173.51694627319242,169.92940620982162,18.12773722880141,99.54224231326381,48.3486459953852,knee_flexion
91.81696585070884,152.70143582326926,171.67078051789352,19.237544605027747,27.739895693696198,65.05223875516818,knee_flexion
102.18496821705347,170.8896112523321,163.38468826722092,17.62042452192965,43.16632980626642,71.51412965594443,knee_flexion
118.94500884427123,152.62949757948303,153.54017706361546,29.23795329099029,109.94387597783678,74.98535669053749,knee_flexion
111.26959691676157,179.07529132043172,173.36252711897384,24.33780378317991,59.42976523581675,53.61207809225795,knee_flexion
97.71127697227995,177.07807189631524,163.67328869500832,14.047267295904607,43.65522865657177,68.9609784470948,knee_flexion
104.14182263513854,175.69842852277128,172.7555858950563,24.389259119018735,57.53023437526141,71.36544203512216,knee_flexion
136.72783751301884,169.4953980466446,152.53332963419666,18.31614804341219,14.577559124808172,64.69954096222594,knee_flexion
116.38889698662283,154.3357256659814,153.10208903167654,21.75289144355424,28.765226539057473,86.25600591883986,knee_flexion
136.4848911760316,160.4060941360451,167.7274647444425,10.45607742059395,115.44151345655898,64.115171847145,knee_flexion
152.6188181800229,152.48189999767317,164.5997499251448,19.81413988709042,113.16091004724811,68.58640261880377,knee_flexion
127.8791520845563,158.0092698927568,159.94706992027656,20.413448049430755,58.28026063355514,41.08060399401652,knee_flexion
156.10335393554863,176.884823155193,154.20747266995832,21.08072287078099,21.943331524898788,73.61200465199059,knee_flexion
112.49870270712066,169.78267904075705,171.80983842860647,25.37294983835314,21.851504055148624,85.80059225688039,knee_flexion
108.41711927159047,151.1223766852854,166.64557408174448,17.418445677248776,101.27687174456545,80.4125736032151,knee_flexion
115.37111142581722,178.58698185209235,158.72753514420356,20.30114258463429,38.156159962436305,86.80217850244816,knee_flexion
103.16862540656145,151.34731858176988,163.05291180009112,29.84751128111674,108.08449928804053,77.43040097284745,knee_flexion
161.26339927028198,176.8033991909359,165.56575081159346,16.31858103661586,94.92136753220868,73.08306315838806,knee_flexion
119.8926183098968,152.83400004184546,172.40368834047078,15.249210318457294,113.04944655871572,52.048528750284234,knee_flexion
99.82063459291888,174.9333801637472,154.59852949873482,13.58536616315478,75.93210706729279,83.72810204187323,knee_flexion
105.71477325716586,159.30971018700285,173.32214514723532,29.436528521219348,65.08153048225765,47.19487512756254,knee_flexion
91.11490301665613,156.88968089996567,153.95466653359563,23.55317347225715,23.401575509138425,65.31649658103166,knee_flexion
145.54099485143092,167.43349827662706,155.99326954980174,26.082490523645255,88.69478425773818,76.94920019577708,knee_flexion
100.48462012458506,153.71261410951033,177.82687653019522,17.951563876498813,43.10435609590337,64.42920226757667,knee_flexion
143.0291370210866,178.6686977114091,158.59338680646164,28.496168586240543,12.734544052488195,67.75990211634124,knee_flexion
140.71800893448682,153.1769221125226,154.2101879119174,18.382286386326076,116.28551033574999,69.80212766171864,knee_flexion
164.6418577280169,174.13082746838913,164.02144804665875,25.695268985043747,11.962046237468652,45.45719983828675,knee_flexion
156.3542891906189,173.90451264975485,156.97922225899302,20.61539181198107,76.6617402770012,83.38694768880056,knee_flexion
138.24857258709807,162.3771470782104,161.22552130221547,18.5176417274702,81.71241281379716,83.37453158761625,knee_flexion
126.31175056610398,157.43518688854076,157.09987088992744,24.92028560486893,99.82256397663014,45.26390399270625,knee_flexion
95.32470855641425,167.83300991269357,154.38519732578095,26.493283809126826,44.13681413164819,47.19359664855713,knee_flexion
163.67763779899602,154.96595168205835,158.54160247013806,13.072267903841173,22.703907003189045,41.057400816822,knee_flexion
94.43163273314082,155.23924412807557,151.60145797881526,21.822876322219425,84.8785979479457,59.681522841601414,knee_flexion
115.43928775616395,165.1357871106669,176.25014826703824,27.02263253644412,14.782256821407113,49.074920479826204,knee_flexion
108.93958968835167,157.48162727496634,167.13697955228318,18.325248514063844,15.417953192035338,58.68070692297858,knee_flexion
131.900235897411,153.05015708711147,175.00375661365678,11.039237329302086,111.73260559198683,44.955657078993774,knee_flexion
157.48599612782021,177.0795943178285,179.38712041759777,26.04051760547187,95.74252948484619,72.12416379977739,knee_flexion
152.31970836625032,154.0365662523944,166.0820410784291,20.28445740380829,104.33293585348133,63.13996827967579,knee_flexion
120.80715968802828,169.1868981371133,157.99389952502537,12.795368219079137,62.566500142612036,60.84446842974425,knee_flexion
108.6055952423099,161.02535430345384,160.99177349478742,16.54991128825091,51.741048769962184,74.28716727279726,knee_flexion
113.75011796570283,178.46573780146022,177.49044058614533,19.61820856600157,46.11973255051577,66.77173949150016,knee_flexion
157.88483910188995,169.57762021680307,174.13175483841232,20.654445521314805,79.62093921943828,54.40778070912309,knee_flexion
148.79145298482325,156.07213779377156,170.84394386455494,27.21438136651788,24.53131210316983,70.71898702709599,knee_flexion
97.60765985839477,171.7714688481428,152.5347965647056,28.71879645401252,25.11487230415824,87.94401229545402,knee_flexion
154.07073408680773,167.81046013399063,173.4787231388864,25.902296779661718,114.06297690990633,52.66916769195936,knee_flexion
137.20607162866474,152.85147592693204,168.48497100072365,13.425826081855776,72.1445672619686,68.62152570169249,knee_flexion
127.27881223849819,165.6789532653937,172.91770170019765,25.98489433024133,64.1368537132972,69.97967207613061,knee_flexion
164.49889885520815,153.59200765503368,153.5131069770033,11.754180238215369,82.36496135445806,60.93041503951898,knee_flexion
151.94571329134746,170.13694239925778,160.00913274984714,27.967330947230714,93.87853617777175,53.526747045508785,knee_flexion
119.13536142176432,159.4331994061279,154.72834945875,12.955667450843833,112.97402097133184,61.895201859937664,knee_flexion
120.66558582219278,171.89057126032134,166.589791957587,28.722799736769243,95.83316433003314,63.96847820622702,knee_flexion
120.1087578784661,179.59894634772965,171.5328070801093,29.023893200076824,23.03264349387455,82.52668395953913,knee_flexion
140.9659107192966,153.6576503500534,167.64773999907663,23.721927302108977,11.353295447746312,62.71589809208733,knee_flexion
156.0319608957057,158.8607707603227,163.75644245395654,18.846282541357866,43.212013058674074,85.92209477577771,knee_flexion
152.50352283452128,153.31765232988332,179.9110397351272,27.584000486154906,41.229928165044285,81.84482898304691,knee_flexion
98.51356254971063,179.97314191422717,169.9705420831961,23.00250031117594,19.948479968254603,84.85166994483126,knee_flexion
92.31996025635755,157.2248417412344,154.29065625499905,25.535358813844372,31.802464993418766,85.53191135654427,knee_flexion
142.50152314619922,151.08488131484089,150.162895023861,11.03315834028798,76.65176954125005,80.07409054297077,knee_flexion
109.08422565019109,175.4822652876922,151.7169582045978,26.019277072833525,112.05749731895084,78.60541995521902,knee_flexion
145.84966271829097,175.1394065596615,151.204538986412,14.035642214381108,23.74160472362074,65.22654950964933,knee_flexion
149.61505026630755,168.90035533729196,175.53393299285804,13.104259848821817,90.80832011286778,49.6520745434452,knee_flexion
111.66070010542401,171.2971409184391,179.40614354696046,22.23087211954139,15.995034649042516,70.81544849637663,knee_flexion
93.38804412641336,176.52437134100452,171.28734855301863,13.462556928450065,20.089310640661786,49.17666144401595,knee_flexion
168.4021743643354,163.7568192737547,173.52242845024224,22.728166842155538,72.96544649545011,47.256512733252485,knee_flexion
165.6819562846476,159.04027897544154,167.34051647422626,23.995518891781323,81.41564707698397,87.02972048477592,knee_flexion
101.87511919360463,165.25058215340826,162.12103172222297,19.483374589652364,23.113927881751906,46.704730493638266,knee_flexion
112.2460436625006,159.14113811282493,162.8370964104405,22.219750940732567,79.80920291600893,60.590544829278514,knee_flexion
122.70264875429577,156.52885580090887,167.64918745227024,16.34081822634476,13.966581770510007,60.92000220784302,knee_flexion
127.93061400721362,156.76778604612633,167.17373799366348,21.315438008638417,87.22023992214085,72.3974241100605,knee_flexion
142.19464452168253,159.48642455472128,173.62296665957862,20.982887671993588,57.456001469787914,71.30062404705285,knee_flexion
118.85258675602034,165.38217733820275,172.1011706544666,27.728057734474156,111.31629170247108,65.18164625915496,knee_flexion
131.62200917924554,173.9961123229151,159.43352075232605,26.747647246901373,64.35558111691657,45.79283621676342,knee_flexion
95.76473176583549,175.2597963311839,151.66703750720635,15.612228722673118,46.75430445517004,48.64972225957969,knee_flexion
115.11146958415914,172.28077700175257,150.44048530680212,26.54346849041373,104.2202825932014,58.61307865957741,knee_flexion
102.28903192485079,168.02521223835242,153.59017667594682,17.29838722156505,115.42720989910697,89.77322362918186,knee_flexion
151.76839130836686,159.328845297623,170.62995147498276,24.108127309680256,52.66258646800147,72.04443172930797,knee_flexion
90.8582115980541,156.27172975806724,165.75264908901784,13.275026085165917,28.2497554664187,81.8152145275119,knee_flexion
169.13064021468844,166.67908284085345,175.1720919264514,29.80643328652545,25.575547742565217,62.41228066271755,knee_flexion
121.4058172673536,152.40147850938556,172.65990518384234,18.67558054645186,61.62596276094414,47.533648690662005,knee_flexion
104.47413217846945,177.21310866468644,151.33947266922837,14.657045698874125,42.12652633459812,64.50987712007932,knee_flexion
136.91561384118367,164.79869927552,152.52346003670647,14.87334908111427,102.79472232387953,71.87943502392295,knee_flexion
141.93192401074197,170.10609766054066,172.88709057118587,11.162169634428947,50.32692234258736,66.97637176308393,knee_flexion
117.07651866378609,175.33436619861558,164.47717525761882,25.372551789187582,103.72170685692859,65.2395741451749,knee_flexion
162.764179509708,167.61371821610942,175.50822896501165,16.811815911830486,64.86986543846336,66.57055205022888,knee_flexion
98.39837727168565,161.9565752010462,177.52013017655028,22.616644807294847,29.525724068066424,56.942781780480246,knee_flexion
105.32824077301599,150.74469395395718,177.8238137551208,18.96414656513743,43.82885796628648,69.92385957788683,knee_flexion
90.58515650344125,158.3406631980244,171.09100397096677,22.675395461385257,117.9986542296789,71.0178854829022,knee_flexion
128.2004698902186,172.84297689552022,177.0998361589216,24.413918934367032,115.95323459043176,79.10025853690885,knee_flexion
159.34411506095412,153.42312213550912,171.97240508981363,18.801773990547375,70.84141826524026,72.70512047411785,knee_flexion
167.58520933644556,179.53734244294873,158.64684736463715,24.675069948758324,92.49818917287955,57.32464306565244,knee_flexion
99.90958198913768,151.2284088085716,173.32029382587535,19.79399483633812,118.40941864444189,63.24867280968265,knee_flexion
168.2333583259072,162.3472800658218,173.8104645167992,11.696385446236642,71.10078811515403,80.10298934928622,knee_flexion
163.9761333775911,174.67749271852296,151.1091218160352,17.454046826134686,15.35683195452364,45.4641145557279,knee_flexion
144.02445029339873,171.39774588935094,173.2116204825488,27.309130961113258,91.33746153241609,80.0435796053316,knee_flexion
93.91709678586234,157.03605451323895,168.65693320125737,27.162506092496464,10.495013743362504,65.73146710581749,knee_flexion
144.18299194915178,150.8882186738584,162.04066672660164,27.912697627673936,83.87740897414446,51.88291816802987,knee_flexion
158.22249037055303,160.44094270228544,175.60034013432178,15.97887302237811,74.9352275971464,59.84700338739171,knee_flexion
111.98600406040536,176.59672686515609,155.62781045818474,11.696231824715262,47.61196324002264,75.88195738207838,knee_flexion
154.59452847810252,179.96230110200295,158.89086171033495,18.158839022625642,25.050340583258894,68.74359648115168,knee_flexion
169.8064029810334,171.02643030361975,167.85638521240116,17.84738185843588,110.68286363141102,64.84582980651747,knee_flexion
100.74935306504491,160.961353895974,152.01500006543301,14.039580753775631,11.943565909990342,62.66399582500817,knee_flexion
140.76322119614377,160.29877387136725,162.61145314515832,29.18418545689152,92.7159433732407,67.04283184724756,knee_flexion
112.76327000894602,176.90990396318986,157.05291350641977,16.50685461033354,109.99712958652434,66.47710276425362,knee_flexion
149.38543595343813,167.72234382491297,169.60317627028485,15.98766583029651,36.55092677893292,56.12461735843326,knee_flexion
102.4353251266738,176.2294309587242,158.49740799750342,21.229787888287692,97.11718676555115,79.19120546878568,knee_flexion
125.07090068673543,164.28771925760176,179.84105246805075,23.49194953958048,99.6102287429671,85.1276984609616,knee_flexion
153.00718689834713,155.55538034860703,166.86512201212716,12.037883146290898,81.82143392203983,87.76747140939055,knee_flexion
131.0185651440089,162.989174786033,151.0752825425449,29.195490446584408,21.330295254317466,42.053954665242344,knee_flexion
109.68532892039508,151.9659130175515,163.65353527235288,20.32175602514225,44.382694393144234,42.5480241287443,knee_flexion
98.92802945993813,161.53513133969784,151.8158535247961,23.96379451219827,32.77225956772932,55.10357843918192,knee_flexion
121.5300621742478,162.49828899207444,150.04982123024402,12.241407419973951,104.90410201149659,40.061653125595406,knee_flexion
130.65338846503,164.68506019521624,159.99282483031914,18.626540402928992,95.86392512792428,82.06018531074781,knee_flexion
110.82788347322,159.6747132290319,157.27448559085,19.597268011021303,85.15841934246943,51.41264377317103,knee_flexion
116.45885936438933,177.9115385276745,151.45707869540874,19.215392104791324,88.27138457564556,47.52270057787371,knee_flexion
93.78992160043855,154.14616114915592,177.56469580592048,10.185195636422469,30.7154172292487,41.56417564508223,knee_flexion
98.85035740497626,168.60447859884889,157.24916726217256,21.384241008613536,74.92149210427388,82.47176665448896,knee_flexion
90.37931143294992,175.601083780271,168.57357259280923,13.254869722099151,95.02311269488123,82.77457708952929,knee_flexion
110.34107870033259,177.56381042708043,163.63372290895973,22.068489086666432,118.3114486979408,58.07680393195997,knee_flexion
155.05274766560905,159.5519735348538,173.97640566724473,22.01467837725285,33.79912647479416,60.70130468946182,knee_flexion
115.41085074908494,152.3432517924109,150.8950431029909,16.929573108143618,12.093756259923524,48.27438787908875,knee_flexion
148.0146656680695,171.24273707050764,172.1574115937215,16.343063422599577,107.9021402829465,69.69152740142238,knee_flexion
100.08210733973013,154.31155984366603,170.79286280789105,13.458878728841562,65.80219717402477,89.58872379643554,knee_flexion
90.32060837866716,150.4973940569267,179.7925374579152,21.69277668268331,23.960097307036442,84.86510998770468,knee_flexion
160.43042401021538,166.08601239334126,168.6537608958227,15.463743830017528,15.557166600920567,69.72838044454322,knee_flexion
113.58041545622103,169.90863139981056,175.08735530527804,10.363210878287282,75.52851521543002,51.56402698434261,knee_flexion
159.9110798323041,157.60993519685485,168.32310399706256,21.07081680179223,53.57831500651738,73.8810381799897,knee_flexion
148.0615707772347,167.00813385958162,172.75266711554264,29.668341519858753,56.119962669088565,65.72915259427654,knee_flexion
90.99759023529705,173.88085668931134,165.60690201137982,18.159228607211304,20.347915939833538,84.48282108376986,knee_flexion
121.60057920324451,170.4774479462766,154.48122469104453,29.23099259082065,29.6285938004014,49.977099644974516,knee_flexion
158.71862884461711,177.37748232425793,156.36442222569903,19.39601776349656,90.68443950191129,83.91828669054007,knee_flexion
120.32421560298442,165.51058460548288,172.25149231559203,24.622719533055907,96.12561430286934,68.49669093207632,knee_flexion
98.36920774438201,177.1191987263412,175.96717617963085,25.96194871636666,20.984872487680242,50.21986835407146,knee_flexion
149.48802920861215,150.6942028374584,179.37673901121838,17.542893607113612,89.1243787059906,84.37855442440217,knee_flexion
121.57039105200658,159.57397465799,168.2622338669474,21.619787474961015,55.005397538727685,70.08873779338542,knee_flexion
164.83050956531957,164.0292076987979,155.90226542251895,17.544119657660076,53.351768085243044,46.55543465131099,knee_flexion
103.0297200443644,170.53686220181032,160.1843326262671,29.09796783711615,36.79564198944682,44.94622525524112,knee_flexion
150.28036504002063,176.4310815575361,158.34340070614462,14.04176203290956,30.43427483581959,66.10061506832562,knee_flexion
127.47333129974167,157.78319519563604,151.35519350968278,19.629826806525614,115.52655823991692,72.62596003763316,knee_flexion
129.64052453028947,153.3207622208885,157.57308871648763,15.895478991490855,94.12839078679578,83.83553986323096,knee_flexion
162.13134828531508,179.53705824752262,179.471000493136,29.05998265535963,17.900435455317282,46.88967679639026,knee_flexion
114.35732211808264,166.58694762193386,152.9093366611644,26.91593915604285,77.843179698504,67.11822011511025,knee_flexion
103.22490586938329,157.5976642320059,154.80936074946774,27.03866315589597,74.265064606734,76.75647137598168,knee_flexion
113.68262903280205,161.13757911264833,162.145648932796,25.200299434880698,94.95882864420248,50.340676375701584,knee_flexion
165.32310853904792,153.61966012331058,176.88366247270892,12.007912912996186,39.09937922664422,82.32392680339785,knee_flexion
104.359365787687,162.4070379392991,163.49577899832377,14.905179460464193,88.12697214695852,82.5667324701102,knee_flexion
159.96601118844575,160.17966437209682,165.92551182863443,14.968128077313029,36.927615170516,48.062703142596206,knee_flexion
165.20152086460118,176.6396648581674,173.32076139983076,20.35323042575458,63.966870706305905,66.4872833091249,knee_flexion
132.92544108616715,163.03689254093072,153.952644986762,12.51327705737072,114.74746874302517,64.10153797931753,knee_flexion
166.25644199241512,154.9073063313033,166.632496561198,14.154345067030786,37.85030667392617,41.50272893805894,knee_flexion
99.5162648592169,177.50545222887587,159.64598974446994,22.16258423829183,61.15155451882003,60.02256226226392,knee_flexion
132.55088730768546,155.61716833846026,179.6581169555873,26.36615737407726,91.57760960046669,63.437964850697625,knee_flexion
102.23016977010688,177.61997574820703,160.24161202145183,11.002133793938675,47.664404449169155,79.72285152479421,knee_flexion
139.81669959905665,172.5251575423458,173.80906151587132,14.239092221610852,111.61616477024982,61.89948014601863,knee_flexion
141.12109194113316,150.06926317760227,179.80105495233533,15.617927719283102,16.826941719417075,62.913102076825695,knee_flexion
100.32240457456334,154.56980130472726,168.9684843909063,17.858547831404664,111.40376951704945,55.9578247304035,knee_flexion
148.0944102707121,163.83298290464722,169.79853903387837,21.99390713431981,62.0062370034898,87.50305473122185,knee_flexion
117.41709142039647,155.3170650374782,170.34282182639484,26.920151226158175,14.427911393391614,62.48163442113403,knee_flexion
161.39901517498612,172.48855856768603,179.75423149492883,20.628276231944874,82.59952906812664,55.12401405689641,knee_flexion
165.80284797327937,160.9900646566961,172.15532138059885,18.06280408238164,71.80008230692992,75.98912675107731,knee_flexion
130.71473214010834,177.21258980728527,162.5790296378343,22.941435962866503,47.659867663005954,60.407833411550655,knee_flexion
125.20400865868419,153.77421054936855,152.7517103717702,23.34979846293516,82.10695121773576,73.14548571050477,knee_flexion
91.58131562741534,159.7964052801534,155.9342954177759,25.563028450880246,104.66934415357431,52.33401886130737,knee_flexion
143.42793270783892,153.88088410374823,158.2545757680514,12.77308992466839,41.187284325915215,73.73682736746389,knee_flexion
162.8261528148202,156.07567223772557,166.26237104852157,24.027822024868648,114.82147153341224,70.50302414435869,knee_flexion
110.40855448219045,168.7643447074181,159.61473485034048,29.522567813834154,53.96437486800006,74.27138603805071,knee_flexion
91.85820658774068,162.00184338404267,176.25322839967535,22.204548888664917,58.833717503557395,86.7968749717863,knee_flexion
158.31875009177833,159.66647021468816,166.33645206124018,19.796485121849255,79.54227501263486,56.70556334793778,knee_flexion
109.53640006127105,177.3801550576661,177.71623498495518,26.86645771523958,117.60248738410175,77.24957628898443,knee_flexion
151.17337828495997,172.87770275887922,164.4182289282692,19.129043890285434,36.42489037639035,72.24095971796453,knee_flexion
113.14561088818677,157.73425229107062,167.57884122288164,18.199647764500863,34.074226967409544,80.80280083764156,knee_flexion
158.84559354355008,155.03098559033342,150.225210984,16.722599370587474,97.72619192488278,81.95869331171622,knee_flexion
101.06632560928394,173.23007703549155,153.47112501928288,17.801251803130583,119.84704665131075,49.62954116154549,knee_flexion
102.31708660621011,162.68400997640381,168.59005577909585,28.658015648265064,117.89032600863376,43.482031829569735,knee_flexion
101.03980138783243,173.7221392168798,158.11896456812582,27.69698119012721,82.97985829519955,45.59224011903386,knee_flexion
156.60234279392057,155.29069140024228,162.7048618403896,21.0436985711866,65.08427639883061,74.30814578075751,knee_flexion
142.2149387895404,179.76126016584163,179.98265727672563,20.32918805271282,20.47189956569504,76.39216494843592,knee_flexion
168.13312625732715,159.54979162887062,163.8362665751272,18.495538496309116,15.65610700126223,73.61322156117224,knee_flexion
118.26701560547743,173.62391623894507,174.9636022584596,26.42461573195691,55.83325978438681,56.07728411204498,knee_flexion
149.90566237336438,174.0416830152817,164.73772339174099,27.860620390726062,25.82995656864141,83.953438982948,knee_flexion
97.6876186377505,154.60576566163843,166.0152003982188,11.3503696037483,15.80878115401214,40.02593720828528,knee_flexion
124.90533277554105,173.2387164387669,151.04515050839748,23.04515212931711,100.54400491578052,48.400042428893556,knee_flexion
101.74909878571233,175.82402920861608,174.69373829850284,20.778835325283737,100.11198672233783,44.63780387122474,knee_flexion
121.55852143510035,172.1339266831912,157.7235587797189,25.046578288671057,65.45964648298953,77.51329939741166,knee_flexion
127.17437102858636,161.03713020665452,156.57567649435896,14.167586828700301,92.66398916285355,45.94551740169803,knee_flexion
96.87858800887561,155.2887409506639,155.26039534361766,26.462152456137996,53.83572858216336,89.51942286802412,knee_flexion
100.976900623249,169.6061947708093,163.46188521603753,17.85836353394148,106.25926189594905,88.77978229141999,knee_flexion
159.8287167019343,155.76902037105398,156.623937636268,23.121477581901267,41.79919398020108,76.736256539029,knee_flexion
135.3136520647716,166.52726305471208,174.85640774516358,24.210655434853557,12.923554149702086,42.47295685730079,knee_flexion
138.12467619648126,164.58576226866828,157.80553966028975,18.373121746296032,93.37013506061466,81.33057423289651,knee_flexion
134.89784543120354,161.5610844257131,158.12090284485322,20.43836941538507,44.62245804208191,68.20475685236114,knee_flexion
144.13219060077103,151.98237632758185,150.03202395068243,14.245542776814858,108.3962647490659,72.31453816142796,knee_flexion
103.75682815496182,176.70791885470857,164.09867820862019,19.521835133573212,112.90961382269207,42.974334609167,knee_flexion
107.21426197029749,167.57313975464166,155.86459528746013,23.590540184179154,33.55015182703922,44.95784852994072,knee_flexion
106.55881277126718,162.68202102816187,155.2841489751924,12.693840498466946,104.6310074840835,56.01986017986539,knee_flexion
118.8606949214603,151.65811228503682,160.72108870506162,15.296143546431594,77.15335740759674,50.26951488362033,knee_flexion
161.06923624502724,177.88999862758666,152.9949317153037,12.148059125771544,22.68590819220868,70.9784628155156,knee_flexion
99.75751713676983,175.571469537908,172.62814544813676,26.39617716476048,67.86665795746231,89.83386057595767,knee_flexion
93.5340082355329,162.0379489255834,159.71810006812908,28.972909974252822,73.45470543473522,80.30954827223627,knee_flexion
103.62729549268151,179.35902431701317,164.95918640628946,19.873441525412915,116.79732014003116,59.03661806085725,knee_flexion
121.80200196439944,167.5425810841481,153.8415783164336,16.421712528237098,31.252915468964357,45.16417395535248,knee_flexion
159.2915685064816,167.6799349838243,160.76018374583734,18.173387547334258,57.46709040560901,71.65745910723547,knee_flexion
164.14155131911946,177.98338858970948,161.7447593859199,16.58524919195539,59.615115020378056,68.39671152142463,knee_flexion
126.94543291597986,169.76260229450102,166.6319707013929,16.414310933881524,48.03038863388959,58.92963937798655,knee_flexion
97.57118145995109,154.9818789724192,171.69341406436158,17.7819342304416,33.599286981615805,68.13362052874287,knee_flexion
150.44316339787417,157.72267087036113,174.80369645771233,28.550097192500992,75.71339819812248,73.44738294957898,knee_flexion
94.20607922584443,178.3655967306572,161.7745420279483,28.478008010908596,73.68752772252668,40.23093994216638,knee_flexion
93.08335994587486,170.41256417009765,166.880040414958,10.530648744121487,91.78059573446238,82.6072668534591,knee_flexion
129.71339859514467,163.97272321071765,150.16419326503882,25.732994249871986,46.3787673420716,83.93818098912698,knee_flexion
119.84484700464424,166.95233731892117,158.11025364597984,13.211766251698373,95.23986937194607,64.82952394231408,knee_flexion
132.91903390018007,178.96247860445206,178.9073973666646,27.11284243404807,30.637022204153695,69.713634715079,knee_flexion
160.251793972443,161.23391809346813,153.03318497806754,26.219258044798437,62.99399064983888,68.21963401795892,knee_flexion
168.57154370542756,168.21634291482218,162.74938156998303,17.399687356943957,55.93812219194502,45.919954158933436,knee_flexion
153.58004467340575,175.13150574561124,158.53191403720226,16.07593236819888,106.17676819682946,41.19851777639777,knee_flexion
131.63659550137822,163.91027144044503,170.7038030873538,13.26783400298909,83.51638148746692,58.836700393743826,knee_flexion
139.49718225357137,151.20285029618327,163.85181591553527,20.445017879647445,33.57590431404853,46.981182708956034,knee_flexion
105.07794424098411,160.32423234190043,152.90430447914915,28.946395914592088,54.549346764539905,80.44848012533745,knee_flexion
167.95336984870772,152.42205840008216,169.55008403804982,27.42818173482428,79.76578773634012,61.45130606787063,knee_flexion
124.48610861103506,151.07696658022076,166.03802253867826,29.87085993573695,115.45782785691274,42.01996144210816,knee_flexion
146.46376029035906,159.05294600090792,177.0896746021841,10.902294914185571,112.94615122121886,81.87378718938885,knee_flexion
99.40035058020813,151.794730119519,175.04122992980808,13.115153419491588,68.83879682734576,85.78724289393548,knee_flexion
135.39584908394588,161.91699904418473,163.35048164561977,11.26234341407742,116.56275534977587,55.53270925405414,knee_flexion
105.14907933382831,158.58141905521185,178.93119584674437,11.885721069760141,105.40333445512995,75.39219472007238,knee_flexion
156.40153433272224,179.27692621103688,175.26463966550617,28.86764702555706,23.962878247001175,79.7894282583485,knee_flexion
133.65405552648383,166.30486785239583,176.9676472896154,29.436076372934224,87.53221553474991,64.1469194735892,knee_flexion
126.51230863214764,161.59024371669545,160.84797088717988,17.830136833688627,19.87285587763148,43.871804263021914,knee_flexion
152.38958750978495,163.38218678760677,177.92053465633862,22.24442017187905,13.869358040286173,47.87616706587397,knee_flexion
106.46558344104061,179.2720807316898,156.56112678454906,20.315113525761028,112.97946248042157,88.85963649571787,knee_flexion
108.90883483068356,151.4735293125012,154.60805497613276,11.26656957405116,31.463666520157002,68.42848573518677,knee_flexion
162.99590370365135,166.1165665108302,168.77968670097243,14.037345032190823,98.06419827412351,70.88944542527916,knee_flexion
159.130946335418,178.4652932101735,160.43702327269776,11.811581170708788,34.85218537084607,61.89207828379186,knee_flexion
165.65549214595785,161.34929467120247,173.1231964099611,20.8095338434151,30.10896474740742,56.03670594767258,knee_flexion
142.2553508018255,170.1856018405468,163.04279240427138,14.572912053242293,89.40974574639439,48.44365208063574,knee_flexion
164.93357534921012,155.6371073710943,153.2193708849756,19.95295404730758,67.15045579206634,65.40964573891225,knee_flexion
124.93339914710717,179.84444678488825,164.58841838011745,19.55893161479662,56.39426689860174,43.341287735073145,knee_flexion
137.43653049196928,156.8390331666955,169.12826940687148,11.016669238969543,117.95258113783018,63.45025395063361,knee_flexion
161.74042972725587,164.26683519698804,151.80992455722665,26.44427092187614,81.30021026338477,79.08785237869725,knee_flexion
124.25358908070987,169.13810232739934,175.68687011389824,22.62130885743775,48.24409983194936,73.12647971831,knee_flexion
143.7483350891254,178.81760887519874,161.1273696462501,18.501635350282623,99.33352573057651,65.28811573713706,knee_flexion
148.92584744925864,163.79128393360776,156.464854254381,24.904076855620218,24.42706861031809,49.9291831765654,knee_flexion
140.1459986227367,172.4180940057621,176.84063660603445,15.451729948317833,22.17966844606098,87.80233297613145,knee_flexion
102.35384704177139,155.9300094676392,158.73988360675398,20.58782708052575,107.11081226374858,78.02730113649335,knee_flexion
146.6526043074108,155.2554170356801,160.73047894577923,19.56809852173356,26.21685488341444,53.67148510633363,knee_flexion
114.66665631622755,153.81828594987118,166.5071907572477,24.100563930483858,17.692479462454735,64.05615508815748,knee_flexion
152.5768956214236,172.43970386857342,174.4521928865626,18.96481266341214,100.26127909038468,52.03765356071347,knee_flexion
118.86484491340123,155.29066729253404,164.02453618285716,17.841200448308864,36.50198280557434,77.58903546153908,knee_flexion
115.10774176893173,158.18412990437508,153.92670992551484,18.776434036038975,43.32610917210322,58.463642067048426,knee_flexion
108.8797810096442,172.894664694597,177.90010042064154,19.958637055777753,80.72982656749159,83.3586138303353,knee_flexion
169.9063709866927,168.40549454189497,176.69338399619608,28.17216493111284,97.05966365883846,63.04656955365551,knee_flexion
96.49232003391194,150.47416666320402,164.31601899848775,19.886290670692354,54.80986266492695,68.40836756456822,knee_flexion
134.17301626435417,175.09839123098078,153.25971309786786,14.503553322110909,97.23054768555934,82.39184336118274,knee_flexion
169.58593708966941,176.18736049161254,176.69697021216993,16.286958852598097,54.1827797410314,53.404255241027556,knee_flexion
138.50395185541726,178.16416062621116,160.33922659534852,21.140035637629005,42.59295934988336,48.489998688635374,knee_flexion
105.61484238549245,151.7383603361439,178.4788056902777,18.057592170152592,101.7532981202319,74.06647363448457,knee_flexion
105.35369291288683,155.26386739737262,174.35964604531634,15.294234212390748,110.46137020721733,47.00277023447453,knee_flexion
144.21668915635757,174.434216280928,157.05769165246934,15.524147269131321,116.09707747531219,53.22988026730791,knee_flexion
124.39656399200382,162.975467797271,157.5910424978905,25.51582172874181,94.90342775520708,58.91590071118928,knee_flexion
156.8100632864587,156.39224803197007,150.12917327003035,21.42334724111482,119.34855496976164,41.93221549134423,knee_flexion
106.63984589667685,165.56743927461252,174.2982220933461,11.780840101501065,53.475811913478374,77.35379003149431,knee_flexion
119.72345667250892,155.66509261426916,155.86487482189762,18.200975738299885,62.735878228648026,83.0907208908007,knee_flexion
141.3801934854395,170.71205863546504,179.4896151460772,18.236868806019473,54.368984357404116,86.16734838629061,knee_flexion
109.67004696040469,171.894457389086,172.63719414654403,11.955759948908861,61.50545462629424,50.0281235660777,knee_flexion
104.83002182419885,163.91484331388628,158.68289122524195,25.921208952517418,109.83653805295306,80.13603026441828,knee_flexion
111.28246980973321,158.22403181065826,157.641850503524,12.700761921124721,113.81782049140823,60.102389907853464,knee_flexion
107.9751579636699,175.4001315152473,161.9758590797337,10.702336222193331,27.81357272745943,71.9625170178085,knee_flexion
152.63242193373793,156.3280316546614,177.52186767798426,27.019942401043288,103.3218829467189,51.38305733996071,knee_flexion
94.04287909200461,176.0227061844775,159.17400686215703,22.37832762347052,93.5963572070803,46.41466292555601,knee_flexion
152.46706836152384,178.15534376883198,171.85124897239228,18.82445496961116,106.43459526268731,66.37288150362795,knee_flexion
149.58167422534032,174.61517831575813,172.4805858509702,15.757097520963079,22.962829099641418,51.91692646810301,knee_flexion
130.22999495842825,165.15830766879287,167.47933047943613,17.90203675095782,96.55805195950305,85.65768751736039,knee_flexion
109.73800427835769,172.09569653105663,170.33915557635135,20.4618099855863,30.738325726157626,79.76161292913548,knee_flexion
166.8501028503066,171.6550899670084,177.535799898772,29.683705298959996,48.7255741663162,71.91117764631684,knee_flexion
127.91461901104624,179.5988624058969,152.81423472023175,18.24749828594449,106.30929489799598,54.20256552632577,knee_flexion
153.02342805110982,161.48349488340767,179.39935619670476,27.670596728474152,43.145239342887685,78.50965567689275,knee_flexion
116.9485235066615,168.19088520646605,169.75442305179877,26.5919081817141,12.689592497021636,51.00789455761498,knee_flexion
146.9534248470863,166.90569710908613,164.8681523460343,11.10419913415961,48.31034718076018,83.25501159553241,knee_flexion
92.47142696288257,161.89308706094437,178.3544486301232,11.017614690900292,92.46763261491004,52.880630809101824,knee_flexion
159.3287065722938,172.38203936878097,176.5711551257509,14.31849580862532,68.44220303004654,78.96349717874003,knee_flexion
109.65597943959848,156.9223891580165,150.81546400492755,29.170305879509048,88.10185680600857,71.77801770050924,knee_flexion
149.51957781559926,165.94838756086318,164.2840146327123,18.990644822470415,80.44831333140054,50.07674876961916,knee_flexion
161.04469560118957,174.35257113657795,160.48690834356103,21.572185936250488,25.51300299450161,88.61731239667989,knee_flexion
162.23141501042267,177.656925194976,159.96489143110355,13.382694147657116,33.29493798129414,44.500069552254494,knee_flexion
99.60885040811075,152.13913602554535,179.6946920761462,11.481153667381472,24.5796289046555,81.36272977953682,knee_flexion
136.41921733943545,173.23251613707998,168.92736023317966,27.64350140657896,80.23142805412147,66.10625464515755,knee_flexion
147.01997550090397,163.42178255376328,160.38191468714203,19.353049049004248,28.668551560841674,79.82858649013457,knee_flexion
110.85630250687558,154.60594639011143,157.3905672534968,26.841403035444795,46.32214251575045,74.30249347529501,knee_flexion
158.51277045245914,152.33234000775127,172.95073215534129,16.1533093275806,33.828460060244694,74.44507262264861,knee_flexion
162.78372981865868,158.85057626137186,167.06501416152958,15.79668227698983,70.97141442990707,71.09310153271703,knee_flexion
172.2067077758036,154.29505033035102,154.0523937665257,23.87080939173439,63.98002851041787,40.477643666506495,straight_leg_raise
161.48141105477413,144.5761363327784,162.27105396137188,11.734229672863982,27.789434231744856,33.228878953941106,straight_leg_raise
174.85812619716165,133.03841423415648,174.89249730374735,20.91596571478927,70.8337348147694,34.17667950010571,straight_leg_raise
169.98388450844448,154.0845664158802,177.8391182449747,19.8362516282582,52.29260304866328,38.059908905825885,straight_leg_raise
174.7503027459545,123.9517684517429,165.47062315565915,19.63183178412087,83.73479873900563,34.805197413090234,straight_leg_raise
169.36641069388662,172.9209993694086,163.51729390802643,13.617688606441806,27.353289824463065,22.855626150109224,straight_leg_raise
160.0113625851789,143.75701135502652,173.07727743894665,24.669328855996717,12.571927024228016,37.09948710782099,straight_leg_raise
163.0856625082695,171.75919566205835,155.02094998932537,22.53278435394963,36.099068973124545,39.246839778930564,straight_leg_raise
168.2451719292815,161.7803678768517,156.92037375983574,28.1158370582852,50.01677194506817,42.68279443138559,straight_leg_raise
176.99460382802454,174.93557360251427,156.71836996781875,15.737848271269097,30.03464693855106,27.88613996479348,straight_leg_raise
171.64889483078755,174.64373877302137,179.70834261278264,20.535464627246153,61.1221768211739,45.79911631104818,straight_leg_raise
178.6586691690701,131.2123345031249,165.85625186827357,26.656741093230245,34.25616613076733,33.194271274414,straight_leg_raise
179.71242203024016,174.1775683196479,177.18320432295545,25.968966896561152,31.53044005782446,29.625502222015626,straight_leg_raise
170.94565682409748,150.84275560091066,165.165084580712,22.733405598326122,42.66584181063911,42.475224719465984,straight_leg_raise
166.6709985295671,138.1872348320494,153.81677885675484,13.774244200578385,78.04167031370861,33.388470157413245,straight_leg_raise
164.55735573105667,161.7637605012313,166.61943377450578,10.42312022846587,35.308916586937215,25.310042333640233,straight_leg_raise
173.1174572196568,135.1267072346639,151.9484033762983,11.098699783953386,56.53818383669719,20.65170367112269,straight_leg_raise
176.97584226272178,128.54684155915015,168.1969900558629,18.893760560214915,45.428121698552204,22.153914270801376,straight_leg_raise
176.0550450042443,169.11788666142888,150.33050002152686,13.572083513942355,82.3123351036383,36.484808384001745,straight_leg_raise
163.0007915649642,131.15347489350373,169.79958732711341,24.496336444937462,57.95414468639482,48.59445139737578,straight_leg_raise
169.88127207323555,136.51495516783896,164.3169872992739,17.19332587333222,27.953271413974903,21.378897480204202,straight_leg_raise
167.0442498713025,159.12751412403583,150.55313408625582,18.783570264118694,61.520752115989474,38.31212327522921,straight_leg_raise
175.5329687177743,164.57858436128885,171.35117462758163,12.05595392289499,48.00179552034885,38.10217872462826,straight_leg_raise
164.91132077618903,122.3403499705727,156.7077096262814,19.097888034652776,43.11442552436807,25.30000943981485,straight_leg_raise
176.48831085366984,170.91276678051986,156.04044957158146,28.591458311344432,11.428876734014466,47.748874181208365,straight_leg_raise
179.03857580161815,120.66285246587589,172.89057890330244,29.404031451396868,82.47217750542227,49.12130483588639,straight_leg_raise
171.0064701139528,124.29858769369636,175.4936759341511,22.27656511618023,59.17893953506312,32.51760829576059,straight_leg_raise
171.4368395304222,128.4468878497363,172.1931007969845,11.500346147030847,68.38246136350335,45.46935267874562,straight_leg_raise
169.44937355128977,148.04067013313772,159.36642818766234,29.38917167451175,68.64995796476363,31.06965659901035,straight_leg_raise
163.4961477246601,132.07687757111503,163.9176685833015,28.85136800628676,68.73170766087344,26.457312445374495,straight_leg_raise
177.19122266837797,140.80102876553246,175.55166548257557,14.833991959622619,59.49284895490541,47.80011464243846,straight_leg_raise
165.1578801829559,158.11096248222202,179.61937859871432,13.01196574486007,17.072183256053954,40.225855773344485,straight_leg_raise
166.7947189549806,123.91844625516251,164.25916853650813,25.075413592879116,32.8097920332151,30.05140632515404,straight_leg_raise
176.91398801293946,148.60395517438184,175.28195906419415,18.92778984287419,86.23801292480827,39.5238376915321,straight_leg_raise
162.317977306385,168.68011435247405,164.67795572492395,12.8327793594581,22.21521070731366,40.62601805329615,straight_leg_raise
160.9474501345898,135.76265707025973,154.19362771409604,18.821548592345685,43.1483017595489,35.65629304066567,straight_leg_raise
165.5927265820506,121.76239741579974,168.43158319605558,17.474360057647026,62.106799899203715,23.260009124128054,straight_leg_raise
160.275547105881,133.6561836336911,163.69641968982157,17.881439483369345,74.82420442187731,31.33512932578472,straight_leg_raise
170.60882359206158,152.64335758432057,150.65494174937436,20.302667536923778,37.586500751907025,32.63840383049764,straight_leg_raise
162.005747969905,163.0551311106755,178.27212752425567,10.445376412592001,58.10982102490783,42.91532201865074,straight_leg_raise
165.69615177299778,163.31555716747692,168.97065152298904,28.5832526454214,88.48038490830183,21.270383419961146,straight_leg_raise
168.89875522054012,150.084328316802,154.40229699622958,16.725716608547234,89.01179582051694,20.486913690274143,straight_leg_raise
169.0501586304877,166.34600419450078,159.71703788157865,19.595970055103066,88.2436596630384,34.246305094271115,straight_leg_raise
162.61842624292998,122.84468204165151,178.36249717319845,15.316188265501314,50.32511252516407,22.721052982699057,straight_leg_raise
168.4731024110121,171.15580355875682,165.07238980892816,29.422703036046556,30.706850978991973,35.136357191118115,straight_leg_raise
177.1906158361865,144.6538795004559,158.38462120710568,27.109507268357632,41.19115750980872,35.92169873180703,straight_leg_raise
179.53054132830292,130.25658121157252,159.04201910160558,10.6213920013968,41.34701679280422,26.005502917545787,straight_leg_raise
173.60069870815784,129.9726802321219,170.24438257217608,15.269508563786353,38.41742672969598,30.465819561391925,straight_leg_raise
174.3350350032722,145.65800947260885,160.83896696558048,27.052454380788998,55.756050051296214,26.414924638339933,straight_leg_raise
178.00182556287365,138.84576628185025,151.1693813261196,19.89200447948906,19.915044355270226,27.153993311472277,straight_leg_raise
174.9422174537482,127.19134973569753,174.20832673062108,28.738145762619073,58.522568032635576,41.310775760684876,straight_leg_raise
174.27173219814836,174.60443764987446,160.2461478660487,13.25713102485405,51.533378793145715,35.997494294951245,straight_leg_raise
163.55824976592288,153.72101804467766,150.42374200430473,28.55336804908443,31.16594222570093,21.186806251705754,straight_leg_raise
162.16498882949713,133.2136921553803,158.21718505818137,10.656199989954573,32.348384975498334,25.788252094804463,straight_leg_raise
167.57241854869037,141.1842255545783,160.17023221808637,16.55847767061408,17.1785022193001,20.756148413784864,straight_leg_raise
164.04228600312933,161.61571850791384,179.72429296653365,28.57052350114658,50.33754844302149,35.95471567333803,straight_leg_raise
166.29163138071686,162.5666691250711,172.94270063797947,26.88544715164889,81.64036617575076,33.03047744675887,straight_leg_raise
175.33751136214394,164.3519300837733,159.2537886749325,28.584844880123,17.547320211172437,49.82807537489849,straight_leg_raise
175.40181436317738,125.129899792838,169.68688944315002,10.683588218565204,71.61495595553463,43.97668764977166,straight_leg_raise
172.04820506182895,167.12732155541138,152.9364984064458,15.518476840816264,43.13420172741364,21.27373858484295,straight_leg_raise
168.9643217514233,134.58674008619113,161.78205036305258,18.502052639846127,80.35293867901481,28.11022911582917,straight_leg_raise
177.87486257432545,143.4284030647067,159.8342316208196,20.05024098670292,43.419462909027175,27.72116939165438,straight_leg_raise
170.05358649592134,128.34909531933573,160.55789829068897,21.315804387481812,43.072659551188686,44.717370831523894,straight_leg_raise
165.13443523070333,173.33743683570555,173.54166062554054,29.351860519949444,77.05092438642433,24.26311777554928,straight_leg_raise
170.52920181270028,129.34881866576822,174.54682057881772,21.68324298366592,31.075945148552464,47.887969160215135,straight_leg_raise
162.30372106628522,151.01243219092225,171.63121664000175,11.176970746648635,57.82848265649629,44.47703646389282,straight_leg_raise
161.35054628836107,148.17336341086448,157.7567153444622,23.258489030738417,19.494189366307594,48.111542920115205,straight_leg_raise
177.89457163429464,130.228593093164,159.69797653095313,21.75269949306086,67.44498693074004,33.279680454807746,straight_leg_raise
163.1258264392195,125.72833215915794,179.99296010743032,19.107042428869747,79.80253993187985,34.47128013887343,straight_leg_raise
178.44715277092007,124.82676605243529,153.42057574003653,28.592643754484484,85.7994436035828,29.441523423960902,straight_leg_raise
167.10329773987743,144.8847629159117,162.48485040201874,13.800904319191933,81.87003071514997,27.59922802116931,straight_leg_raise
174.10544818955304,123.6935622754235,151.16253994585287,23.074609451538414,37.12126860586083,39.663781781600036,straight_leg_raise
161.88042404337662,172.24182589537247,172.45543400679287,27.525344660515984,20.91764432356087,29.60482906678608,straight_leg_raise
167.36688328412689,149.544495657975,158.90605456522243,11.212614843788103,39.51027045899765,27.636479438818462,straight_leg_raise
167.7184258292643,130.83277484410144,157.85689123694206,22.539046808645374,41.05230676624521,30.361501795084763,straight_leg_raise
170.67811265444746,162.4523297464159,161.36603869043873,21.75038985111681,87.2962100294541,35.65940342354152,straight_leg_raise
178.1959515303509,163.65199433410348,151.7615604495045,18.581977429385137,65.86547262948704,49.60135737344599,straight_leg_raise
169.16752582323025,125.10319997697067,166.86027524138603,12.531275842479205,70.12156482235147,35.23030992385333,straight_leg_raise
174.46862736754574,167.8149004783188,168.8684405148833,22.24878658506363,70.3656236351705,45.27365004358002,straight_leg_raise
177.38107572554006,122.00366076255858,166.6857089039337,14.32538619595103,78.82767126254267,39.451930556100834,straight_leg_raise
168.40444958064876,130.34573254667433,160.1707087775948,24.075553890804493,26.3487636169311,22.807488360151183,straight_leg_raise
177.76057516455103,162.0315692269064,155.99384791974398,15.846230868599832,87.76561417047085,41.24553460277352,straight_leg_raise
172.21044008427648,136.91956669832717,158.97375432499567,10.79047237380461,68.27854935215451,21.295256751706535,straight_leg_raise
160.0971467555456,160.12222983235387,178.46621271447376,25.13006095454621,47.731215249950296,34.58135748682619,straight_leg_raise
168.7227284529821,137.85540169106835,165.6514264255752,18.6230191428223,57.853430403261974,46.943602415032835,straight_leg_raise
179.9001883464762,124.33088094356044,161.54050417984024,13.61412391533619,38.169637914042696,28.62419055645269,straight_leg_raise
163.49074263253576,162.02418293817098,164.88866228487709,28.384911644344516,12.60739545976116,22.009340393959697,straight_leg_raise
168.0654716586069,124.41525262222204,157.881887892445,29.720594861532472,26.716768598769125,25.94353224236272,straight_leg_raise
171.47281337591417,147.38990599362361,167.41314891608533,17.534705564170935,76.14098879159576,24.157416543273886,straight_leg_raise
168.5678529168293,157.9369016644248,176.04709320848698,17.391432127135154,55.41964792750022,22.074198350217845,straight_leg_raise
163.40638176223658,123.8025989356363,171.83642675995566,15.761199374442814,67.89962321534702,21.991948371298236,straight_leg_raise
177.2509560081665,165.95416089611004,152.66786229150847,10.47513012914373,14.503105038559294,45.60890519440202,straight_leg_raise
164.6940697810379,150.15503248220037,162.7873260954017,25.91051052457204,49.111864117653646,35.01982521983809,straight_leg_raise
179.78183878999806,128.25712562120913,174.92111816237795,11.034994912077696,48.211901565837664,46.59004471799071,straight_leg_raise
173.30427931208243,157.68680406513732,157.89951846769458,18.371495827229083,39.32648507992404,35.64329630473983,straight_leg_raise
169.24455860287335,137.97940935323442,159.1644183711351,15.017057833102443,39.203779750780676,24.49824433802182,straight_leg_raise
177.44208604007147,153.1165665508385,154.01359276781565,23.877186684180028,77.81331743983786,27.126070161567768,straight_leg_raise
163.01201188674528,120.47394914235636,151.41751016569455,25.24502696607023,88.97490656333551,21.3464096742883,straight_leg_raise
174.96141918159785,123.9524191212528,167.76398474711002,25.121505648564757,38.73635178141902,20.328041633319913,straight_leg_raise
171.90378704250853,174.51845454770154,157.72852268515487,13.789825543744316,19.914071420281196,36.65766859700169,straight_leg_raise
171.92890198720548,163.57489604437214,172.5921982086153,27.850829895901743,74.4618158673841,27.418012492383333,straight_leg_raise
171.11754809751523,136.3576577501469,159.89356138654506,28.638887384599926,64.55167240536588,49.23771239753317,straight_leg_raise
168.3382507343749,149.5590665344687,164.61346259749266,12.145741150474539,28.936159562128267,35.82909081813446,straight_leg_raise
161.34748610266013,171.2304061119889,153.71531045830113,13.959614928338143,71.22569791509093,22.908036253679413,straight_leg_raise
178.00556199230817,159.91355338973946,152.05862571326577,23.83694122571306,60.53028337370542,42.72048298219756,straight_leg_raise
176.56395704978672,159.50928097452353,167.58528885812916,16.449266371635552,65.78189294639432,48.70914753892339,straight_leg_raise
171.75043561057748,156.53896776388396,163.113841265994,25.122416194861486,89.81339138709087,24.811679722032082,straight_leg_raise
164.04810559007524,149.66907672654142,164.44126191784974,21.431395690134377,13.925923817941843,32.12829368991347,straight_leg_raise
171.6595652413112,152.18552432177296,169.72001885305122,24.404320580053277,61.32377626726853,43.70729466168305,straight_leg_raise
172.49521269369183,149.56292143954624,168.18589286663433,12.023867335066647,31.8525232580416,35.82199341974393,straight_leg_raise
177.45974430803415,157.34783559583963,152.71224235415693,21.845499008888087,27.739039010967915,42.02049679366169,straight_leg_raise
176.54881705017493,152.64009499244852,167.7408782925513,16.771828864216282,45.70000169290475,45.923250614460365,straight_leg_raise
174.46640661934313,148.58645128327137,161.04697158745114,11.007594765771087,21.44059210611081,25.79075568618112,straight_leg_raise
167.4676708651735,171.9279005891951,165.15460184576247,14.696803265184622,18.460010996921127,30.14916573808892,straight_leg_raise
176.31461271102114,141.08385363757793,173.1751741806724,26.054099522537577,18.865661575896333,38.25979257880351,straight_leg_raise
179.1819212674222,142.11759411969547,151.52832267009066,28.46605380515757,80.69330252579863,35.664243416270054,straight_leg_raise
171.0450624068802,131.64576065268687,174.58352266633912,19.97200076784253,12.71022361140452,40.49044869346993,straight_leg_raise
179.00992539605411,165.60327696901626,158.3159442063162,11.066501698666812,85.22811300305445,48.11188174639104,straight_leg_raise
170.6483063942574,155.32745764193442,163.87800182132426,18.395307341975172,19.55587487429603,22.90258695083288,straight_leg_raise
164.65464293352375,166.01524105235993,154.3749690220704,14.533973038294214,53.8891247457766,26.45393654234823,straight_leg_raise
163.26413369435573,150.98239329338793,161.04279812989847,22.523185716809383,82.9764272326941,24.529793943052027,straight_leg_raise
178.2686731962613,169.63694820826052,174.87262750007707,22.625718346121705,59.611732597243794,39.17637979809505,straight_leg_raise
173.80991102435627,120.90652103278863,178.7427773748195,21.712075229311594,72.51726715219374,31.318455171840895,straight_leg_raise
160.2479442783159,148.0354062932044,165.21570357947786,18.739785766229033,37.17736433296614,27.49478263429166,straight_leg_raise
170.55089748994365,140.64029768314217,179.09795649149427,13.45854615533863,35.57324541016696,28.81881412773713,straight_leg_raise
170.86618352471913,147.46041413357813,169.3122139627282,29.000035411484156,32.81768683950939,40.78314707764989,straight_leg_raise
160.50080406010366,134.43136600034936,163.9115918398978,10.619895769622689,59.413556844291115,40.34931825205125,straight_leg_raise
174.93463429676092,148.41159776636567,168.1183399493588,17.921305025569744,13.300242600525003,22.99855567323539,straight_leg_raise
173.09991848402927,174.7555414772177,150.47409717489887,21.151669936527654,70.08070023060463,44.80324484041636,straight_leg_raise
170.9040980244528,154.0953789101258,170.9017483582366,27.17932499386861,19.78316297622549,47.7854658882459,straight_leg_raise
160.5203480710314,165.99098630267764,152.3022127967909,13.892564232098445,10.311531710490609,33.35770116608122,straight_leg_raise
166.68718453434784,129.1296101317865,163.5327048241172,18.047417663443674,71.41288261589932,46.793909182100975,straight_leg_raise
173.05134503534163,126.84257137995881,158.86172384129551,28.266365936645595,17.098759440631135,32.20567518172479,straight_leg_raise
178.85009238466964,172.28656628082172,162.33609531146678,23.34793776197595,46.53964786831992,42.60381618309025,straight_leg_raise
160.63162661385996,127.92864319067472,168.425964106308,14.651045248861273,63.284183941531886,30.53668782383895,straight_leg_raise
177.73291116255643,165.05926620579925,164.78513400206347,25.457901741897153,31.69103089880723,34.82779330435588,straight_leg_raise
163.94964103726556,167.34873926865467,174.69202849705243,28.042993368180024,80.19815849794075,48.78788786178484,straight_leg_raise
164.5667246326385,171.25033599374234,167.13639574055992,18.44990167836304,54.82991167742984,30.278070699508334,straight_leg_raise
165.77106013921903,133.27228858876407,152.4728396837138,19.93129794294375,81.02093405711099,38.90455907823154,straight_leg_raise
170.41951265511548,143.5726105038004,163.93204878951576,14.185546951439019,75.83487017544778,25.95148889844584,straight_leg_raise
174.33245513454625,161.79917563228838,167.24607126083203,27.25852749909657,33.284028196052006,46.4485166372859,straight_leg_raise
174.5882091919861,163.93124052689683,169.93739128581942,26.926860339799386,89.44790901741088,32.60488563573916,straight_leg_raise
176.2783136741914,160.95188677349185,163.58610497136053,28.53897999465024,41.55407436580758,36.96397748828713,straight_leg_raise
162.11884713981922,132.41763567364464,175.22088511601282,17.931054456576945,41.526727153220655,27.379430545718606,straight_leg_raise
169.83220668594907,164.31993287428423,176.85492353321217,11.402288640883677,55.98565849920924,34.01820103677004,straight_leg_raise
172.28563700943158,144.60016277995481,161.95934462560245,19.43761424858979,56.55993030051313,35.02949633095331,straight_leg_raise
169.44288902041293,164.98094204769444,172.36943973713574,16.827569883623855,74.04616940122564,45.609520070135005,straight_leg_raise
163.06984410748382,152.04753539519174,158.55935980797642,24.78344643853445,29.10282634869466,40.14210572519096,straight_leg_raise
165.1024931211527,148.11290698864687,178.45939403748577,17.626150769128692,80.05907887705662,49.60833743611684,straight_leg_raise
177.49701697610325,129.12263163478386,174.5897465860549,10.642987902011225,41.464150695944625,46.122001199535916,straight_leg_raise
173.7750442551984,149.3007235035833,161.63592075247863,26.24593892940572,66.76467231585767,34.052159588470204,straight_leg_raise
177.8496867441932,132.64714098002477,155.11174527475873,22.856075286671633,87.75954741614163,27.41769719920311,straight_leg_raise
164.99340757867654,127.67243663792044,175.81690665820895,14.52795080822668,50.25428213799103,49.72617434006614,straight_leg_raise
160.24281801844086,150.60673497809367,165.36867128114838,26.148947528203095,38.422523164222156,32.31024076697125,straight_leg_raise
163.35875961197726,160.74483773996826,173.54126727564446,12.733266415576605,41.47656591906574,46.78714986088049,straight_leg_raise
160.05414547351575,136.43174888424477,166.65126855157644,16.681877193199064,31.763615134213552,33.80112454709638,straight_leg_raise
163.63046216219388,149.1293882527716,171.20087763939677,21.505899052570044,17.448746468682472,45.33225842496719,straight_leg_raise
163.49955674974976,162.06466003361209,160.81695332327553,25.655226961122047,26.501832272427663,25.599863110862895,straight_leg_raise
169.94051692434965,121.81148080840983,156.75892016347,24.480245043686963,76.99067826443404,22.423560918134314,straight_leg_raise
177.6415541887621,163.86344622292484,176.09052887120896,23.9685710915768,63.93224538351718,35.752797000345915,straight_leg_raise
173.0557444898263,170.55103155116328,153.01566004250125,16.315289556921826,15.796397887669746,48.34415515832116,straight_leg_raise
168.90530931998777,157.14394588719037,175.23360193512963,29.820004961529772,22.94259662338126,43.985378171546856,straight_leg_raise
177.74845796273473,122.68814572679815,172.6227168055672,17.09450642393101,61.88774331763456,35.421445881165944,straight_leg_raise
165.19484504173275,127.43717491021923,153.50841699267625,12.066457154169834,61.02320321076622,30.542325541986145,straight_leg_raise
164.33266876411744,158.05368009882466,170.60548697299402,20.783365847139954,84.79662534926807,31.562426943242638,straight_leg_raise
176.71725942538586,124.1326674362708,172.19493282115513,29.7689482766386,77.72785730302535,37.38994157930178,straight_leg_raise
172.53532128654322,139.43092521903208,170.3845565477431,25.407907663626542,89.85827848942832,34.77388751001299,straight_leg_raise
161.22608131546883,152.7721872902042,153.57072449946506,14.8953008711222,36.30239290445898,41.930896194452316,straight_leg_raise
163.67616247757002,129.1164120763294,151.34892727496484,27.464798727077618,65.48043394848486,21.198393968528794,straight_leg_raise
160.5658461127623,150.7270863061281,158.47603203860132,21.934527008638575,44.76833405447722,47.69937686930764,straight_leg_raise
165.75618029922737,157.35299526413914,151.62162934855797,29.117210683778506,88.46059743266818,42.17223887049237,straight_leg_raise
169.30424943127147,132.09963916299938,174.37549020743893,24.727081942940444,27.756323164875923,33.53645882471797,straight_leg_raise
169.2559787563357,165.452580248499,170.51534053002229,22.863350870801103,61.98619380506227,28.114102381474368,straight_leg_raise
167.4342251965907,122.51142569901884,173.6082340743637,18.65996430339628,45.05906856700588,27.360687948008803,straight_leg_raise
164.18854562918858,152.33020612629662,156.97659045611027,11.284177031309287,71.40059327847186,31.294083032190976,straight_leg_raise
167.60471167798607,143.72250548336854,174.4513447022428,16.416737918796343,70.64289690062688,48.1863452233863,straight_leg_raise
173.21736391849598,143.74245946473636,172.43369169439995,19.157947395027712,43.15418168865126,35.7584949071805,straight_leg_raise
166.35444669618587,125.73376189540006,162.44556016578497,12.477137622586039,42.83531788443574,36.70801163640351,straight_leg_raise
178.61422362411292,121.99222820749169,168.6437521950583,19.154703733001547,11.620890256331133,27.48644527816161,straight_leg_raise
162.36970504709603,131.92367801522946,158.23710730382754,18.026126707643925,52.323151479111225,20.029699817791585,straight_leg_raise
163.23738721257482,125.14615120848404,166.49020197788232,16.581497408025395,53.87181888277745,26.654699065240337,straight_leg_raise
160.4845870817517,171.77517956986358,153.2492436356698,12.537174959234337,21.723746120811242,49.43829571979818,straight_leg_raise
172.35320480339993,153.5659473437118,179.60094604555587,11.768775385493095,87.96007140338313,26.12039439662123,straight_leg_raise
172.4614300712407,143.10459609165355,161.51855440431535,28.62486656958925,21.938218275220514,49.91207033228731,straight_leg_raise
167.58250122183097,155.6826197138705,179.0372019445008,11.152021007579496,83.82914903401524,37.034341560630295,straight_leg_raise
174.08793757954905,128.20513011374916,166.00162292493096,23.470274294504875,46.499784591014546,24.649555343181703,straight_leg_raise
164.88238150171154,166.99160350464243,151.0341297849829,24.17724156881625,89.95120292116215,20.224489883203,straight_leg_raise
163.2209136563988,157.0779365491224,151.79972503756045,21.795799677117177,64.72000828488449,37.644390443422104,straight_leg_raise
167.30369406042135,158.35052627926513,167.8288328404146,14.152743441878394,55.05084348680878,46.457216514167825,straight_leg_raise
173.336665713809,145.9485329066616,159.64752308608354,11.717724188751458,29.570170620722294,20.335602592606307,straight_leg_raise
179.73251835049928,132.2365238670807,174.4462782805612,13.372897636099573,32.68809196844592,32.548319576851,straight_leg_raise
166.4881132828321,163.90929470179236,178.7308022404627,27.50588967301697,22.286229355820524,43.30066029047871,straight_leg_raise
162.95893826609424,170.23596086091558,165.53635727005735,16.727621761134134,22.562039786735426,20.354272645370138,straight_leg_raise
164.9589398332177,170.27110348047216,173.91786576816682,29.39587415501439,18.060921689709843,37.765362305170086,straight_leg_raise
165.14300948061555,149.8617938174824,159.61364656690364,15.66931100486715,55.9076241619678,25.49954485608621,straight_leg_raise
169.38266873944235,155.79467457742192,153.84546219548412,28.61188541753808,50.45797595632998,44.58583915653027,straight_leg_raise
173.07810861242126,159.05005176724,171.48392822978514,27.50199794122945,59.08843480375393,28.34651455164169,straight_leg_raise
161.99019285730915,153.3437840697578,151.99058411311742,14.825869033790603,14.856574768152937,36.46662767019701,straight_leg_raise
163.20676249885736,153.57240256884103,173.72595392589804,26.437614415437245,34.7634806510102,36.468635980834875,straight_leg_raise
171.2602152017272,146.00879501847916,169.65341674274293,14.20174247647067,88.33945916694354,22.942394812727972,straight_leg_raise
176.5844228240624,152.67527928231533,157.34564241581148,24.913500013205997,16.758471654165756,43.23253503346349,straight_leg_raise
171.79970444486028,126.09126751180209,152.3851668927711,25.016726668729248,33.434872520306975,46.6790555230164,straight_leg_raise
175.24146042060352,158.4004634594744,158.35818157900354,24.178890380432357,85.85181476118672,22.746795031117067,straight_leg_raise
166.5232528400713,132.90697460038768,161.79750403202002,24.846653097078928,47.93940651403092,37.12191818360739,straight_leg_raise
166.28309776156684,127.77090968979053,158.00800946813186,27.19360602483974,58.19335697227284,31.339660195917013,straight_leg_raise
175.79811963471175,123.54515878501998,157.61673263767156,14.602063081146785,88.82916497345776,41.18295747178281,straight_leg_raise
172.3557187277711,120.274173091196,155.5293000626957,22.710825859461565,40.37754611853326,47.72841151037183,straight_leg_raise
175.29448438283515,144.6061240042266,172.4854493261481,29.508086476524433,46.87846597611765,39.275776636656005,straight_leg_raise
178.3732923012259,133.67710641198954,176.59673740998835,11.950894135459652,61.875853647011716,43.48514465167353,straight_leg_raise
172.2921243850485,147.25441422838986,168.5204129977706,13.033274175588891,27.245656826417466,28.096980318690257,straight_leg_raise
171.95558681260076,144.30455905597887,157.3342752745752,27.6561866428916,39.913747223457875,33.380951576896734,straight_leg_raise
168.19402153097988,130.0068625402214,171.948810462907,18.96916524537716,11.300568791417476,48.92041107079391,straight_leg_raise
176.31527223190827,159.79576447504917,176.07275611555588,28.136145072111006,36.99917651075509,38.32876035250096,straight_leg_raise
172.17615618411187,134.70148178458282,156.658567543412,12.278145096380442,62.74513567331623,43.427569730923395,straight_leg_raise
175.21905959034007,137.39514574517358,156.15779551395607,19.072283569092438,53.74507681924085,47.57261383905667,straight_leg_raise
177.49646308548108,170.3832082216005,175.5078715540794,29.291624088726223,47.239999773524595,21.424204922992832,straight_leg_raise
161.67124064296956,141.46518779747888,157.7306127381899,13.398811827221346,86.25630196069189,25.862587652318673,straight_leg_raise
179.1875854463046,161.84613621766638,169.2283701637567,23.520379201787566,36.51794589272992,39.39281114174847,straight_leg_raise
163.7338423656253,171.57379878947887,159.0538001988178,15.103730245870842,66.8930238555326,39.69346154198546,straight_leg_raise
169.0259783668661,154.78454290799326,154.78479215282567,23.4665661480391,31.64885561561551,28.18507930029372,straight_leg_raise
163.2435986988757,138.28074242698906,159.93753180933984,19.083580234045385,25.23356037330796,25.79022608476299,straight_leg_raise
170.83477143326456,127.08825725687613,170.66691023966504,28.878942517251932,44.143649733150255,47.033159394520304,straight_leg_raise
161.96633182251728,122.36266950566045,171.6410663254152,25.22043145962993,77.4446592772601,21.70453035199944,straight_leg_raise
175.53814109913662,140.709630303812,159.10012898046597,13.460478426865938,89.68126040820216,21.909907679565908,straight_leg_raise
176.54016029215998,155.172193951979,172.05241332785602,24.234342398435928,78.67475880585461,25.513762095683248,straight_leg_raise
160.01649233669372,152.91906689737965,160.6157591797,12.475746622342754,24.891100328339107,29.952479373776686,straight_leg_raise
161.40466741773406,123.1302261170648,177.48078764497333,16.242054987073924,88.57845579788679,48.93101024991199,straight_leg_raise
162.85142564654228,159.3208366592905,168.02414667381208,23.812941462103073,17.695280001157982,25.65680235903674,straight_leg_raise
161.53277322901764,153.2273812869389,179.59773227547274,23.43969075315883,66.86092280175437,49.537551246298435,straight_leg_raise
173.56023108343592,122.20998649456587,176.01016802569794,17.293565807575924,10.34908972117723,35.21702532682462,straight_leg_raise
178.74030001752527,134.15318779572408,164.7453951915852,13.475537755647816,14.615413733315208,22.416348401393396,straight_leg_raise
174.54021811922712,167.5240958908182,154.29896517757473,15.766371356209374,25.602357411586183,20.805673307792837,straight_leg_raise
171.06862739773968,158.4957193575706,169.43632442655212,17.761070946044953,54.40081967519242,22.82297919908674,straight_leg_raise
163.0860743744537,171.24870407541408,172.8452324345969,28.454781916503347,83.33442275994938,39.48177851323222,straight_leg_raise
178.5647729622433,142.9187256695355,150.10848734354823,11.251422316923188,18.75898605606522,22.860603595485806,straight_leg_raise
167.03404781700527,158.56989439101466,173.71946419801486,21.804265486892493,21.714893964558364,42.43704806444526,straight_leg_raise
167.09603838275197,120.71463417694879,158.41765861598248,16.612011082819556,31.93964281744823,44.35610459562757,straight_leg_raise
175.1985279518818,158.25536167269527,154.17015235536795,26.15667819412564,64.17407693306589,25.845130594441756,straight_leg_raise
172.96187860563032,146.59314025520246,163.18050185568674,12.242463269447777,51.46434206761323,22.99795426917091,straight_leg_raise
163.28506774508534,127.29004728511195,178.62324837210022,15.697293808877802,38.41634588768062,29.662418188881084,straight_leg_raise
177.96500890356288,150.96312512341888,177.57479696799936,15.998498116557911,19.186773954555917,36.686553581725235,straight_leg_raise
166.91073983580034,164.10487584199115,176.38270226734977,19.451470218141438,87.70872192684067,36.59039019033217,straight_leg_raise
165.41840786772624,146.8936533439351,151.11930877208783,26.08002320526135,18.114804068353678,29.26245465509015,straight_leg_raise
171.30633094009886,122.36363191057944,152.37950697544343,23.92232715226026,15.742167444861499,34.3124859874213,straight_leg_raise
166.773912668415,132.54436743760292,155.66336693590995,25.268225874651588,86.1233754520226,24.205392266099953,straight_leg_raise
179.19362438348253,152.71193769113071,169.2498121608977,24.198527562851638,66.32951122836647,44.59433324557065,straight_leg_raise
169.66937302695396,149.33472231330856,159.71481007390247,12.10515187566234,63.17121527409753,21.008299075587527,straight_leg_raise
165.51270102166737,125.18264254453551,155.72181471968153,22.774618257947616,60.27813041639345,32.63164738987136,straight_leg_raise
161.8034395297898,143.83556540526746,160.5823461557488,24.409183057118994,56.32212865592414,34.74697302010997,straight_leg_raise
169.7396416460999,173.14632879932304,172.6888266511035,19.939591209202554,48.33780903111821,20.794373039148905,straight_leg_raise
178.85018526639612,137.55456844720314,157.67817245642232,29.988178507753428,67.49517372036195,21.42091319897864,straight_leg_raise
161.23770954051153,121.40258601781088,167.98856698538606,11.431290001239036,84.67106854759444,48.107196200680335,straight_leg_raise
170.9210813349616,153.91514122677728,158.7568320457575,11.279450848165467,68.99683561534525,23.053579662470526,straight_leg_raise
161.71115282036786,137.1172710062323,150.37396979513647,18.68071231512632,66.61447280640614,44.04046794265817,straight_leg_raise
172.08614607597843,166.57808117126518,162.1950661130133,26.975441701209533,50.51786483987034,26.69108383994886,straight_leg_raise
178.88291293320933,135.1233980610414,150.7860445256338,14.85348085910054,39.33500490059422,30.540490498677922,straight_leg_raise
170.49335018887143,168.5719785119758,158.77014681329098,20.415412159183376,37.21111629507835,44.653191781196014,straight_leg_raise
163.15203026576955,125.69306475705322,165.08985759712806,23.437751715309837,73.64201608726133,37.68874558715949,straight_leg_raise
175.47699522638,141.5990532208508,150.98603010799408,12.32198615803113,13.097808098319694,29.86830951429478,straight_leg_raise
169.90982682537364,139.59746160113167,166.81798425199176,19.612182969855752,64.23542414911523,40.00886490690219,straight_leg_raise
166.3612829421736,139.04179504486004,167.5544346492391,21.928649357816838,35.17599309097065,29.909536573262756,straight_leg_raise
173.88090026372294,155.60759525818384,154.05152414039324,18.820837593507868,81.41648629684722,21.089170283134255,straight_leg_raise
177.10327892968428,128.9747986385279,165.21745897385148,18.48672857846023,10.810346987316706,47.46190811268896,straight_leg_raise
169.09850454668612,172.48475522183384,158.60231702937654,27.32551546831945,83.79116591965044,36.704972491123414,straight_leg_raise
164.05355575735436,157.6886087658146,166.4693419958838,28.890593317052517,45.141764944839345,28.05540942919466,straight_leg_raise
162.76574002988215,158.42484627776736,179.22328856941746,10.566875411427969,69.23562838225014,47.807910876790004,straight_leg_raise
161.495630684547,126.05935248083732,170.75871295349125,22.959267517915766,15.506193225299656,45.032682564534696,straight_leg_raise
170.46847695689786,169.8958555335137,176.33972642978114,26.250155381003314,51.271911699553705,27.55131925248297,straight_leg_raise
170.11951007822265,125.5446257790979,169.76538445420277,12.679544384580153,50.89383700005784,21.631459225004534,straight_leg_raise
165.9902498054929,132.76442533683834,168.6009462813501,25.735734240450174,14.584236363242091,45.50851055466153,straight_leg_raise
177.2153538990921,138.82479908584125,169.77012197910966,18.05226063406899,22.33527057517052,35.85987255689331,straight_leg_raise
161.72719349003194,168.31596854677935,177.72869278228825,26.432262740228072,55.002249660478284,36.727957733763645,straight_leg_raise
179.6921475320186,133.63459294071507,152.2784509771562,21.238818472023553,36.30284782480827,29.670163184241325,straight_leg_raise
160.14170708339896,152.7931675251363,157.92101106826843,13.75717096385362,13.234554511440297,30.93084729426834,straight_leg_raise
177.57937744772914,138.51689441785547,170.3722263035878,25.130939268038148,36.24806473521596,44.64922205036124,straight_leg_raise
173.837593193339,150.75832257855234,150.02977392151888,10.701815318456163,89.26926752848507,43.46851770510678,straight_leg_raise
178.75130517545895,169.62667627049152,150.61328949428253,25.836945795821478,46.091659520892364,43.68674612001967,straight_leg_raise
160.13431568326772,135.85096156603103,172.53971327373907,25.860415772031793,59.57716809716992,29.037685683387913,straight_leg_raise
166.20725182575725,173.1720180003118,163.17636537702614,18.942511004876742,54.18662001925596,32.285070105931666,straight_leg_raise
171.05343129194827,143.7784482522157,174.8014475880656,28.181020395965678,84.56882078522894,36.9288861748816,straight_leg_raise
168.8429711492899,158.7882032335511,175.1497077388772,21.259644841327543,65.99848174578091,42.49188052163744,straight_leg_raise
173.52787553434572,161.03734556511202,156.25935997667995,19.96749094043595,57.06148436840698,20.074337925710694,straight_leg_raise
177.11925017627362,153.55134796447015,153.8740899509461,26.327141451516543,67.36455731524357,42.748986303909106,straight_leg_raise
167.84084923723714,166.98113786822455,162.42082746397085,21.410183058911826,10.051384295989898,39.34619344033587,straight_leg_raise
174.36351584255874,151.19101510188358,164.89676451130848,26.198729474234167,64.50981737321935,28.34222119160069,straight_leg_raise
179.18146676159972,158.89969568074375,179.63816786737274,29.425226325377366,83.51277782480719,42.66114623675922,straight_leg_raise
172.18858736993934,129.46938650256084,166.30054252271273,25.307530447886545,51.66857269644542,46.047173852169735,straight_leg_raise
162.19311798383396,140.95171914267488,165.17893255780973,18.64650591738216,18.686923825724246,24.605848821338917,straight_leg_raise
176.75234585710973,146.6411342560798,151.46167280258183,10.329825179552998,47.87803215954612,24.93136177773331,straight_leg_raise
174.10251891998445,163.74279043902632,156.84890125371317,21.843538897635614,22.355571478830882,29.10747954783161,straight_leg_raise
177.77590988362866,149.9253950315271,176.576660854326,14.50495608359014,36.40194745989328,34.12856415370451,straight_leg_raise
169.60160150389086,174.87063819510354,153.4333595691339,27.039300712031814,79.09456315374962,36.59595894613362,straight_leg_raise
166.88074336518306,148.5574357358563,158.77403114419693,25.98214896879879,49.862332696826414,47.77526536632352,straight_leg_raise
172.45382688712087,148.28756332130757,171.33208061932956,20.078659288604683,82.36050803355577,25.533378826605237,straight_leg_raise
179.4669736749181,164.67048035181557,175.8220008559461,19.65815664742142,76.97612394700779,29.203222507316156,straight_leg_raise
175.2389635712835,127.72475871139625,159.21155747887525,18.91465326719466,35.78557745147375,31.610513468725507,straight_leg_raise
176.40209489567397,134.1171740678192,172.35843516463717,11.474241382233037,71.25912860120486,43.76069728489319,straight_leg_raise
168.03397551004963,159.73628027421088,177.45415211235297,26.014259471090536,41.235720831756794,34.52640542840193,straight_leg_raise
175.58715089571612,136.0927024417018,174.1164822092662,16.561422851218822,74.47924659084305,22.6040133005217,straight_leg_raise
160.8879459382118,174.8721496053402,176.08371369704068,27.65695006932408,86.1023958085294,33.14948928243464,straight_leg_raise
165.73671109360305,162.60049990035807,165.03627400615395,33.70410724051166,94.19957710653877,50.16012649771116,shoulder_raise
162.86393475486244,164.92951706166855,155.96870134779584,34.191167109275376,69.04428445550606,63.100483132525966,shoulder_raise
172.30048763806747,177.8051586729258,168.07670296577106,74.03528725934243,42.89529683992215,56.38953870490837,shoulder_raise
166.41168124899812,179.28565297408215,168.6543415335941,38.58844515189129,50.58237404458934,83.42052149723978,shoulder_raise
173.36887141411546,171.21305681458335,176.55488629901524,72.15736363842717,67.84567577119859,57.59072548843073,shoulder_raise
162.12777366024815,179.302842341148,167.96575110301058,50.333089777446474,63.011873881919584,52.47247844286861,shoulder_raise
176.44254547808214,164.33291071128673,174.13638018953841,60.422167677406904,34.89148122912125,51.20839792968282,shoulder_raise
176.31666710653212,163.52920282938612,151.5541534691962,79.24960712019987,41.503890013568096,65.573360223666,shoulder_raise
164.94135174561438,177.18356957393794,158.91988578319595,32.86636842883703,37.832475370254045,58.125983006695876,shoulder_raise
166.35310441610415,161.65872445736346,154.75590087358376,50.44949508867257,89.15201700308887,52.291629868891434,shoulder_raise
164.2534941352006,178.16691351083193,176.70044022479766,72.753320830155,31.642619868571416,66.79242244223143,shoulder_raise
164.22441988875931,162.57177018250405,161.39995183541674,63.94483643097976,42.39394079183247,74.4329820186388,shoulder_raise
165.9250947075861,166.9170105552158,173.7202077493383,89.65675212597793,38.98306733779469,72.86063205381105,shoulder_raise
165.56324567784537,161.06669283414854,172.13571544081225,29.53529607507278,48.31412713722254,69.48181973516627,shoulder_raise
163.68943168358211,161.8911070132679,160.44039044013212,95.94430214177706,65.36220309895793,65.2564091361161,shoulder_raise
160.7782164154843,172.00546562782165,152.76772922806117,61.11624603903974,77.67554574445687,66.94341393179145,shoulder_raise
165.9882298963305,160.94768467635197,150.74333625484792,51.552258419869304,89.50107436326711,59.762511151727615,shoulder_raise
171.48111011563643,173.68611639359523,151.82489602504086,28.013531943287052,39.81491140776103,76.80372696594281,shoulder_raise
168.78070224456195,174.6839013643649,176.0279359671958,79.46164351087614,99.30224865819243,80.17444274926598,shoulder_raise
177.043583900149,176.6473271693,171.9079728684014,83.15315441575069,94.12149050806691,69.0082951410517,shoulder_raise
172.76574047825088,170.29879443145546,175.5311096157622,51.66556624407812,83.77540940302596,81.97418300228556,shoulder_raise
179.2377220273718,164.97841398514836,171.28858529657737,79.33815730003633,94.26506435241991,86.27609672222124,shoulder_raise
171.47051723416897,171.5830637172796,155.0187368521269,97.87182970602055,32.95157164330841,78.98944873805169,shoulder_raise
175.91590009610624,168.82431009222762,156.33581160087175,31.061632658673375,87.08464008114325,70.4302594699406,shoulder_raise
161.80273964076534,174.34038945525776,157.5051315841509,89.49355381382473,37.86146074269777,58.01083320360573,shoulder_raise
161.69716887109868,170.23062273275295,163.5221276345486,78.86153229126714,51.814232847373276,63.75263875697485,shoulder_raise
165.23309831265888,165.56293490939942,177.83543705483441,29.031681177464048,98.93587821014351,63.07677820768899,shoulder_raise
161.76780470834996,164.9738076157573,151.75243138663856,82.15253037893285,56.12976212869949,63.47946475467204,shoulder_raise
173.24099209263125,172.6129305190064,178.1961626768277,96.70714392361226,71.26153980988647,82.71263708976674,shoulder_raise
175.84850200670357,169.826070653998,171.1337486410025,21.652015653103465,78.22189748352763,88.4733202876947,shoulder_raise
161.69949506251476,176.72231569183708,177.98940079947815,34.22605563317528,57.233006884828335,87.11432901851954,shoulder_raise
179.20452009045937,162.55764768704634,160.47012676666353,74.34229449782282,29.940264944733727,62.99082514537923,shoulder_raise
160.46582120009387,163.07043361862398,166.8698848325323,70.51265563585554,68.40206479862533,81.13441883112867,shoulder_raise
168.30562827477584,165.46981432482312,150.46742100127574,32.563535214452884,38.114903098183355,57.12827425921862,shoulder_raise
160.40288942993203,163.14895217330383,169.98298660702716,68.51476040017064,94.21152754582381,81.92673165589237,shoulder_raise
171.35512233682383,162.75112694986422,166.92215456775472,20.235580177705366,48.77964076697675,65.61034515788782,shoulder_raise
168.55627618725885,165.59651836789575,170.57491342871472,86.48027972039625,79.16652933390797,75.11008383163521,shoulder_raise
170.76689598666027,160.6216836001606,171.68801996075763,61.32354986417228,34.36669455974982,63.11368155413767,shoulder_raise
178.71213572939482,172.48724490234454,164.27737303972586,67.77834787521465,47.23680924870913,68.80729092812065,shoulder_raise
165.8061851341534,168.7970660118329,170.5677669731373,18.39506363234988,81.55246665665393,61.31918163445251,shoulder_raise
173.65119586865,172.8545062936012,169.57884147423917,66.69095788174324,96.31916542625814,70.33376650781562,shoulder_raise
174.64638231030702,174.10898662469157,157.0880273183499,39.080996330880176,48.16153883412711,61.10791721852837,shoulder_raise
167.3348619785992,167.8192122785661,168.11593682815032,33.690653632480235,82.38626792890186,67.50145427086018,shoulder_raise
174.12488223366495,161.62884962481635,164.098961823731,17.398660235072906,70.83189926340083,63.748403079882785,shoulder_raise
178.98505628211657,166.48248429202837,166.9141769405318,36.87794393404225,65.81013660526062,68.68169400532938,shoulder_raise
167.41256523011265,164.0737869816036,153.34564031914366,25.189726386317226,99.91360157549978,66.49242907428939,shoulder_raise
160.03859415746678,179.05857581252027,150.59939772689438,50.57982067213536,74.57298273735903,86.58396977487047,shoulder_raise
174.257725828642,169.27251509800024,179.2332611695231,18.342147557827985,98.82029822842073,83.97566206833756,shoulder_raise
178.57860034252718,165.09544848195074,154.2737421685281,71.38179874667951,56.4273494187508,70.92671842977518,shoulder_raise
178.49238356966436,172.40161813306526,159.3319150531377,49.00565729551946,22.01462515826661,57.69256161102757,shoulder_raise
162.86700140419077,176.20582682422707,171.14620403916356,60.079326496922405,43.69310502648137,76.73977161297401,shoulder_raise
176.25810695391522,177.62466431343418,166.41048684619,84.69023535467457,56.01753580714255,68.98120356751564,shoulder_raise
177.308637112442,167.72747872529328,161.87738037122108,40.91746434921787,56.6831555465155,71.79400134757843,shoulder_raise
173.20922290620913,168.6100462021914,156.53511875650798,88.68157530517945,41.1400780514213,86.91773679360699,shoulder_raise
164.1470666605291,171.2011495247246,166.09845280588357,85.4350670737946,22.496624807574676,86.39748691669845,shoulder_raise
170.6285634434414,171.72218767828733,165.304988798933,18.06211708108265,54.73815956259383,60.54198650707962,shoulder_raise
166.85376360755663,172.9820319837428,164.93091388422317,22.923548076734136,16.573714728558304,57.42630782469482,shoulder_raise
163.81770293144447,172.1660151394273,155.33443392136627,89.9461509783555,28.87845945520718,53.6452578170553,shoulder_raise
177.51492032719295,165.90655152153465,162.76267889501207,96.51724264105759,94.99322972419965,78.59667557059672,shoulder_raise
161.3787790346511,171.86680250822795,179.67233805126773,95.48787941603834,19.540224326794856,65.83869212361475,shoulder_raise
166.3107349180568,162.5945621380981,170.84394933746282,38.27711097062012,41.037922281276806,53.61435506805672,shoulder_raise
169.95935117557332,163.16335727304113,162.96271270738467,27.184088878780628,95.84649009551312,55.7993013278857,shoulder_raise
170.43774307701267,163.93959650637976,152.29085410417827,32.196232601578345,14.929669665139247,55.57589532483955,shoulder_raise
169.86968315526434,173.03631042115148,152.6201944521535,52.48658303186282,62.312232056801676,59.36902704844246,shoulder_raise
167.4415682303205,161.43669739467217,156.60393240699284,54.6739987031099,99.13979610327901,89.85060251756533,shoulder_raise
179.59243362248577,168.46172772600656,152.42041135243994,42.50374216619335,31.394293783387955,50.56506299639418,shoulder_raise
161.9046722057675,169.0638387009813,160.1898739141289,30.330066338931058,74.44899735928723,64.28462383586475,shoulder_raise
177.0373571149309,164.81954320526233,166.15180470259875,30.65183345768051,54.57705547472578,56.09866035913545,shoulder_raise
163.23157248743044,172.2444675408403,157.913581265273,29.651214257961023,93.67914251215659,51.720130029602046,shoulder_raise
171.30296225391774,170.9652768366653,157.5182662320918,53.48559833458951,17.89640047743719,78.85080583695543,shoulder_raise
164.43394296753647,163.86770719653111,159.4463543483251,91.70144322236708,81.68199834551883,87.8756916453503,shoulder_raise
173.0392469206617,173.25843022064174,164.40092998278652,91.94083748619292,55.97894343432961,64.20240283180098,shoulder_raise
172.8075001983533,170.92278986801927,153.72059445929688,48.38166018255651,38.1992869985032,83.87335100044527,shoulder_raise
167.57685113946218,176.43110465277786,163.27168781702838,79.04754789287685,22.175373566007092,86.98600878633849,shoulder_raise
169.61119781597836,165.19596491252614,157.2446881909442,37.53156952887261,43.00517556261709,78.70078130702467,shoulder_raise
178.99206085801586,173.38074860247264,166.41498812832302,53.130813681456445,84.53750203338548,83.98628809784279,shoulder_raise
165.86075348865637,179.0684049730686,161.85346089619145,83.00663588127986,97.013789027401,78.14632403422445,shoulder_raise
163.23101452902387,171.7227391034786,153.56331369286735,82.07707338885874,35.31836564864946,77.80859292240075,shoulder_raise
178.201793482604,163.62019701340344,161.785735158035,70.00509698625314,47.7692733528551,56.99275766498861,shoulder_raise
160.58143228337593,168.13196287403926,169.4762707974576,63.788657692961536,24.061711578457817,68.02773775469547,shoulder_raise
167.38942092362507,165.484048045868,171.87813731581167,41.32042255231067,58.61277570997263,86.92894141078466,shoulder_raise
170.78551964507164,172.34045820321123,152.19737958502654,30.14140221804759,19.085607936830215,80.5925179342336,shoulder_raise
176.71842161833683,163.72910586389156,156.57815252769274,42.472619606886546,63.196985525845186,74.87184775200078,shoulder_raise
173.73507917082915,178.10385512426924,158.85120421489614,70.99451408257593,60.375056119992294,62.23348961650268,shoulder_raise
178.14830373187345,161.90966823918436,171.36003080496155,76.86926560692118,92.37938749209654,70.74322369405414,shoulder_raise
166.4324467643849,176.5548133972004,173.12430845497178,57.52682722565498,79.107163807043,60.715024083090434,shoulder_raise
171.79012660806936,177.3036690957575,159.53953513849538,56.10174850661317,95.59403687556005,81.92847367886947,shoulder_raise
177.74078040661107,167.70494121780894,179.89515778903677,27.968076398124104,56.68935248946781,69.17093529184997,shoulder_raise
175.9686438160027,178.17235545030024,171.9341813072418,68.27938007107574,48.46862717636534,70.41303668302936,shoulder_raise
170.18600626449643,160.40736947368757,165.09137414483033,87.75751801480061,73.83466100280233,81.82834488500019,shoulder_raise
167.80969979537042,170.57946473825916,151.00450706991302,47.5548250843942,52.697444040337956,60.208355983963266,shoulder_raise
160.624819579813,173.80816217557904,163.0526325254653,50.33264641453991,32.4988078625658,71.51321595992069,shoulder_raise
168.76053562541463,169.47968946058182,167.42614045309145,15.537595015377505,91.69263131845803,52.84349587780325,shoulder_raise
169.0184949463199,164.14745750478764,165.71347108109626,38.819559247756715,87.40058482563435,65.85439335849681,shoulder_raise
172.77511111536876,164.9775945629576,150.5821845148205,49.353135527128465,58.28378406024611,68.38188605047002,shoulder_raise
179.2402872763772,174.13678347692056,179.87009401876185,40.08010767668762,81.01479516464319,72.22233870186456,shoulder_raise
172.23520708897,179.71706400884656,169.6196159925335,91.39943584863802,75.31752112473224,55.09544486899,shoulder_raise
173.98847420644626,169.68631177370963,177.56393978947028,83.58092801118869,19.37212188465027,55.35662574614234,shoulder_raise
161.39222003597212,169.86489749489235,152.4231527762206,76.512658608849,59.712272330538944,83.43540070212569,shoulder_raise
165.59591577342633,170.38281568322282,153.52439057731632,90.19185022527384,25.750446606085447,54.0944900540162,shoulder_raise
164.10101197046367,176.12462977445963,153.1744358305405,67.2263370612441,77.15631705536131,80.04324641931484,shoulder_raise
163.80121773216263,161.23247996755225,163.46419151316653,32.211254345786415,72.93437281125442,64.26771198621684,shoulder_raise
168.98707882066265,162.26969866203424,167.02650859644575,30.76955611871212,71.10870948234434,52.84675290191575,shoulder_raise
179.51789184562648,173.69053957171624,155.45188703435778,16.198044864257742,40.10166029846968,56.112530562088295,shoulder_raise
164.36822666239092,177.4550051687578,168.09613980152548,29.998900507456455,60.09934606187039,60.23122613699973,shoulder_raise
179.52401728716177,160.6551446052739,171.96955266503446,80.70474722627132,16.044648756193023,56.874774569254065,shoulder_raise
167.68613318207915,177.36309653058134,166.10999815255497,70.70108225061969,80.47115519111584,83.1249115335008,shoulder_raise
169.5256908616736,170.17586277546962,171.54017571263338,37.38410049252825,86.9040762728972,50.83147297903366,shoulder_raise
163.9154320441945,176.00399886073006,160.20774635678018,27.735790778846006,26.8079280140263,71.23025607744279,shoulder_raise
176.92363058689975,161.4130143154222,150.91442727373948,54.539291546131665,96.05686735482712,61.16039213656506,shoulder_raise
179.18341078134097,177.75362353180003,158.49405229162534,84.44058546177247,71.72805723119369,70.47289555619028,shoulder_raise
168.4583228608575,176.31005511850913,173.79238298085065,79.33958855511753,99.84303560937663,69.14049843765535,shoulder_raise
176.13845955639832,177.24956733966957,156.34807744361052,18.575647574510185,46.42735619697217,84.26946737747105,shoulder_raise
165.78206562389022,174.00020308134847,150.22044417192788,45.205976747220205,65.39650252823361,55.19028760289348,shoulder_raise
177.93213824294867,163.1254795423416,177.29380635011984,33.39309123805285,99.48508065242567,74.18994853182363,shoulder_raise
161.68689788876623,161.3055446895732,152.24765088778406,65.1408835197309,82.86212820946467,66.11850967082023,shoulder_raise
168.89671518563725,171.78575407329257,165.9912181435907,73.48524731360797,52.46071481467239,78.55442740256271,shoulder_raise
179.94621485093268,167.0059568449753,150.36646388746053,25.678128871890657,59.81627664882584,63.77031148578608,shoulder_raise
178.79965187409985,172.54892180214765,165.61065557896404,82.83335760812159,33.273088394418565,82.7895416112944,shoulder_raise
160.06122209728187,172.39354724271436,178.04271453137338,81.96809592287896,86.82707729326235,65.87818780686001,shoulder_raise
176.48477892200253,171.01663330060532,168.55620709509597,20.0078038435433,28.139652745695294,72.0385766205421,shoulder_raise
161.17602115646994,174.82893613175426,175.20171025565705,93.23080071005842,19.159161326182534,87.58880992091201,shoulder_raise
161.3524001525859,169.4811243185563,175.20753061883437,20.97644677797871,11.640796569008527,50.99790874826603,shoulder_raise
170.22540478872068,176.23193489193326,153.822800132178,25.591871596760953,61.16921695448125,59.37182403247695,shoulder_raise
174.60427470289747,178.992707763535,172.9810021980124,89.5599061422079,56.76274518145033,83.29277216870133,shoulder_raise
163.65806367973366,161.36695780791254,169.67859330374057,19.415962819434753,90.32332772257125,77.66216588429674,shoulder_raise
179.04401450817824,166.2777331262647,164.58474927604863,78.04368102883512,31.85010869147385,71.67395280446668,shoulder_raise
173.18934550010957,179.57617308894083,172.34109882727154,25.04112227372129,52.780010624497926,73.55083131958288,shoulder_raise
162.93246285728705,168.63932113962156,158.52017449007468,25.100341092272206,56.08377401171091,56.62532324049381,shoulder_raise
171.81074817171447,163.3939386448373,171.70784770808464,31.595537957521984,90.66565906985346,51.048374261952354,shoulder_raise
170.4399477409147,166.40209531773093,156.75229577323773,55.08623622903758,85.78175826918347,86.61108822106596,shoulder_raise
166.06497236295692,163.08487244190144,171.60421342698922,64.469891663759,28.09145338098039,80.41183152349745,shoulder_raise
170.37860870484283,173.06790399014815,160.78017101890165,52.323292710701956,26.230788853744798,80.26063470581363,shoulder_raise
163.14022648303583,175.56605189502122,173.9402356465376,78.46108194468533,11.748050925286638,60.92532850426694,shoulder_raise
169.36675485583626,171.9108875743359,177.5766629810715,46.926507630939696,88.75209868965587,56.53717152547346,shoulder_raise
167.42560975017253,161.04564021642645,172.27467873166867,27.8054843817976,33.1318014083612,81.00933008772859,shoulder_raise
170.6943343484542,160.27945438836926,150.0670561424219,58.40615369789125,37.445996237427536,57.21245783980709,shoulder_raise
172.27187875432222,164.56872943434854,167.76621449054844,47.2376057998332,26.807159590281074,55.52418951474995,shoulder_raise
164.73721206254575,160.5966421602597,159.24380886108804,91.66614866545251,84.82259132947254,64.88015026878635,shoulder_raise
171.51667237163608,171.34721118028116,174.86212617581137,35.08465862894208,36.674873991371115,62.07141734982446,shoulder_raise
160.8173997954335,166.29375726578385,176.3374132976402,92.51895004357588,19.867181119169537,68.32234166473725,shoulder_raise
167.62697803175277,169.78718393246777,166.64158572176032,16.721994601508417,85.80180231290447,88.94656292693354,shoulder_raise
173.06809624007283,173.20904476986738,165.83939573492125,43.41323999572245,23.4080041761569,73.36253370784203,shoulder_raise
160.89882807018415,176.4900513538375,162.62735098411846,50.25410905376786,39.44537726283152,88.77415554794345,shoulder_raise
163.49833905541436,163.02615642950423,154.9659450463509,70.97483604231493,99.27057868566385,59.41900681607019,shoulder_raise
178.11234794134975,165.57233118416346,169.436997603759,18.442410914336257,54.608857711857006,76.18279865115927,shoulder_raise
170.72639554445257,164.75670769763582,174.85490844803746,97.46160345525043,51.32764861228588,75.43677060757014,shoulder_raise
175.80826536691146,164.82978121243588,175.93351145786357,38.81707695134979,79.8247723163715,54.48396929705688,shoulder_raise
165.7677340682834,170.67239867879735,165.74766287112945,87.28665068134113,99.65145318747464,54.28843383440562,shoulder_raise
165.42776265650073,167.1519642044615,164.36755223430015,56.98232816812392,87.05755568335749,80.822372111404,shoulder_raise
160.37703158075908,169.10043521166375,168.54221514732268,54.13362490290699,21.758073042313207,65.89896334762592,shoulder_raise
168.2331139025947,163.75431844899518,172.6892134341286,42.31905781211053,63.00885615117546,70.6292072383507,shoulder_raise
177.54854158432778,162.44029863725677,153.4278902476038,40.52717187545634,48.809347131325154,61.94168995008558,shoulder_raise
175.26374164790488,164.905316862186,152.54324228316733,50.17298384015254,79.60413593246356,84.02247774346965,shoulder_raise
174.666896967267,171.1577335699949,171.7257510524753,72.91811050082822,31.092996924555475,72.03035568812774,shoulder_raise
175.41218665276864,166.34241323750277,169.61919440150794,55.92583633909787,55.2842965850518,53.60220151128639,shoulder_raise
173.3243433061076,177.3137407070904,154.2429386407759,46.118981288398196,14.380070935675151,51.185275439055644,shoulder_raise
179.79316993343488,169.8694301661277,160.6655705590574,38.364551513126614,98.20113804504632,60.09003142086735,shoulder_raise
174.51416791475486,165.67516191611867,152.11468516070758,73.07851223402501,10.146776286687839,77.02994046242279,shoulder_raise
165.00753197979645,174.92208464143002,173.09250502051947,76.54911529949072,12.203509732084935,78.14946478575074,shoulder_raise
179.80291228111525,164.85250737051246,158.22715716676015,84.14975671434586,24.435712455047252,76.42334702018206,shoulder_raise
175.10052755001158,160.74321323638713,166.61286282795677,63.94956697555005,37.309860765261476,85.05378677590069,shoulder_raise
163.25499438599712,167.28389419011722,175.4600606144199,31.204634311509363,83.92367226949075,53.16276709471823,shoulder_raise
169.7845813437998,161.50661324891408,170.33710755184543,82.20112656972601,86.48726934221226,89.25049002975955,shoulder_raise
173.44031444599173,175.38123827680042,165.17274834963987,92.58263660039573,67.93825439795162,85.34205625005373,shoulder_raise
164.70904034027762,169.93475561436128,171.89456763191413,32.231349137828076,29.020581393578045,89.1217096162255,shoulder_raise
168.69220721474412,163.63630905847543,159.94391645944518,48.77697260260368,66.0776731723199,86.9205863619101,shoulder_raise
179.7318015184418,173.03397517822225,170.99767082393174,42.35547942421007,87.14427359038741,58.7119334088126,shoulder_raise
162.12761298621936,179.46511980195302,175.92416030461595,40.80983643574133,70.76536447429443,68.68073429652799,shoulder_raise
166.4625641229094,165.7354842152059,154.0808233566272,61.69203699344634,50.1937021105757,70.48745681199777,shoulder_raise
164.3071433495881,178.77221341546496,169.15773588991624,91.46605587758363,19.83440494294799,74.91403863424699,shoulder_raise
176.98923637288323,166.61841559628934,155.8542950740796,37.52681099347767,34.56403540748191,67.8879585969414,shoulder_raise
166.51927205558664,165.42548145415984,169.45536895215415,19.50775159211018,40.6327400325757,77.590078637619,shoulder_raise
163.51699498562013,164.41855724425824,156.01999876238753,15.078719072169418,52.63909766484154,51.558351576644924,shoulder_raise
165.458796235498,179.89606849183943,177.551886341709,33.28144369328841,37.900218872253944,68.54818329074206,shoulder_raise
176.88827093318486,176.05291882786182,153.78724309698848,25.57815210960993,47.50590285046402,84.80381558455088,shoulder_raise
177.64169998191005,162.1473169937306,167.22891863896655,28.232391755634595,71.75163790025044,86.65732991715626,shoulder_raise
169.09538584951187,161.66165549384104,167.37762587683636,49.72391696154765,82.98088771005642,63.61377855705551,shoulder_raise
177.49794400945177,165.4740081526957,154.72552907666056,41.05083207207929,13.142421264047186,61.24983867496965,shoulder_raise
173.20235267764062,162.84565957113185,153.34094918359764,26.252749756619785,16.979650683531972,84.98541647371758,shoulder_raise
178.88230230993057,160.93122303457574,172.8021534463062,77.65789847096181,99.72184821490363,63.914826468842726,shoulder_raise
165.71017983380833,169.06164241619655,175.6972553144757,76.93045961572139,52.44614325707525,59.78251373143493,shoulder_raise
174.54031482536743,177.0905373608439,161.99853693202473,71.82976289478366,46.019081905893835,69.1397375256594,shoulder_raise
170.49820759909827,175.51451628044555,179.32517952386792,52.77112382424975,40.80835056228453,64.94364025889566,shoulder_raise
162.67778138750364,165.93877475635446,152.59342239806418,51.37101237023601,25.0621542379944,63.856269838976345,shoulder_raise
175.87155498783213,164.9185530117827,168.35683864026208,91.60042063613209,61.02362683265922,57.75170451089651,shoulder_raise
166.89532387931908,171.80738414368133,165.1983341927956,27.63268608353682,50.21167102215121,71.72266779640994,shoulder_raise
165.34665428915145,172.24891030679703,152.1048029845563,43.61159785306893,82.3849149499817,60.37139203632621,shoulder_raise
172.10353700006158,168.20059427420625,159.4938042724574,92.87119347235229,40.89355462723452,59.46703605948073,shoulder_raise
178.1860263128054,174.9188871187163,170.45399141094592,19.210470075684444,21.808446464419823,75.53359855238651,shoulder_raise
164.1886567305252,164.5127597126072,173.37415546030832,39.30362065114012,16.442857193672438,51.457277892394444,shoulder_raise
168.86355974490576,172.34257155369292,176.0665570017541,24.41837357777434,27.700554365946665,71.19202443629885,shoulder_raise
167.2821672448395,169.65074902490989,177.72373946952646,61.31579057849841,47.360854955086836,89.57759626798979,shoulder_raise
161.30431339799074,178.64226896742343,165.0498552619645,57.81928871020674,92.97679007828883,70.29295918372279,shoulder_raise
168.76814181060297,165.44977184234398,169.76450300452262,63.41983273327973,29.291089325300476,78.376516602453,shoulder_raise
172.8817371467328,167.9466776841308,150.1320276571065,52.959397764975954,10.545230541722656,52.99993957196159,shoulder_raise
168.6121980496167,161.63839768370656,158.26996301361498,70.71676632751232,37.77538083484771,89.90594376486041,shoulder_raise
178.32604067829962,171.70619809171046,179.0084141590479,88.78147002676438,38.70086669564383,79.98384983941237,shoulder_raise
162.73663568007893,173.6910284875748,164.73245479483742,16.430204836490102,34.680684015133366,88.21528869616995,shoulder_raise
166.3166297017696,163.6290891060288,155.62594339716625,55.733127494565665,85.83843166034815,80.32007060533385,shoulder_raise
168.7370401507555,164.17453766873922,151.38194700306573,54.32357715603214,83.32978136663725,79.18727974377255,shoulder_raise
168.172015352545,171.89405343835202,163.08739562838653,64.21636933216512,56.57547199541943,77.23866400500636,shoulder_raise
170.15417687066247,178.81221996335117,162.8408454474506,16.35288575837543,31.27361818680861,70.02427432426623,shoulder_raise
170.81143703777323,171.04769578624106,171.43656294810245,38.34509212248987,69.84133111373295,78.16129092476851,shoulder_raise
168.22561505241652,168.04338198292643,155.3677435696935,50.18892698170677,80.81346625363112,86.35892022199536,shoulder_raise
171.8722638263593,165.98740686708598,170.46869155979195,77.91242773916034,39.89915009025961,83.06191445958187,shoulder_raise
161.4739166427668,160.2150743520005,153.68912317896158,28.260709565338324,89.10361296529491,66.99926808885124,shoulder_raise
165.49863383940763,168.5815023197364,161.84522678101897,40.62424177898144,22.410962417076878,76.23661847895522,shoulder_raise
162.7320880555931,175.5084890534535,156.0506403984136,77.1665611063315,82.50274951259203,55.01304039097803,shoulder_raise
161.7349153657601,178.9914554130732,163.89140420257743,68.57001707270402,12.093439610959098,61.148407222253596,shoulder_raise
170.1079530911877,177.72436626778807,158.1431825269313,80.89126218799116,69.59916354328317,54.6108307122298,shoulder_raise
165.86750345583994,164.7572807287724,163.27582762719857,69.00341065904466,49.0077779957656,59.78146303007224,shoulder_raise
173.9175753645655,171.6894218942298,165.57941722247077,62.12566578290816,29.97105816644412,77.21724244369824,shoulder_raise
167.75001071077537,167.26935639460038,154.49202624800313,65.73117343678794,64.23979694918559,63.61202574666113,shoulder_raise
177.19700113731068,176.90915797430856,153.27162919447295,74.07826296384306,45.445128056652,89.98859404251571,shoulder_raise
164.50047259369305,165.6104841082898,163.26318883667182,37.840787637856366,72.27940297478628,69.23632448725922,shoulder_raise
164.4175766969908,170.12748138973126,176.66363299095116,82.35362998225449,54.89460319841389,61.53970412567791,shoulder_raise
163.59772929405057,177.5676575437379,171.30500821496088,63.63388076753397,89.14911813583015,54.86761149496358,shoulder_raise
173.64978572004136,164.33424624826463,153.6173232304796,54.57672335058932,44.86536367879183,87.64694437300741,shoulder_raise
166.47959093503633,176.29804518104004,172.46481001405033,71.77352895497557,92.83604256640535,66.31698377525368,shoulder_raise
167.7934237196573,163.2189484716302,158.27286226485208,89.78099876517402,52.69439196202312,63.65413288762842,shoulder_raise
164.3222411016434,169.6992050048723,171.49996111393585,39.368822163851405,78.19448687313887,75.19151098899674,shoulder_raise
175.7512512507941,165.01819257749824,168.93084434199136,28.067498756551565,42.74172839481731,78.97440379371204,shoulder_raise
172.6333677115987,163.75721450675044,175.75028016277588,19.534833499340458,63.56941196649846,89.35282000926425,shoulder_raise
170.63009463685498,176.0134363991884,167.85542919567305,81.56250676845437,69.00347218197585,77.64528058150114,shoulder_raise
164.55622302172767,174.83641827145834,157.13729659992993,98.35442338712,30.500847186508423,59.46736014390625,shoulder_raise
177.17346240967728,164.85971723925638,160.8270838047385,75.7444137002173,24.28737221752869,56.36287019310009,shoulder_raise
169.72716846533237,164.87393508465453,157.06973866707102,15.785308320573577,43.34046320781532,62.73002218473613,shoulder_raise
160.62311621653342,172.42466356427326,168.7996554601006,21.018040100761006,38.53374066185077,84.91222127981591,shoulder_raise
171.64334136489157,168.23949448023976,163.95305785392287,32.70379952704344,83.06933506371352,86.5601882180387,shoulder_raise
178.21328084500087,164.47868783384598,159.32220803329372,28.65293585881063,37.648102026908184,63.31221488490401,shoulder_raise
172.6621147412927,163.79292763096248,177.58190773103232,23.763454957251348,10.619020993089975,84.19780514522132,shoulder_raise
174.075396155321,167.10719740711997,167.86499117730355,34.00124857133484,25.15506837808384,68.84596540554891,shoulder_raise
167.0637565944192,172.30460101070585,156.54447553683093,71.34885454765259,79.01753682725318,56.66544572113898,shoulder_raise
160.87716566835832,168.79174750602678,173.2207225797731,70.31628602380212,73.16935483731322,66.11357359973474,shoulder_raise
164.6989109050614,170.6355768656922,156.1309708124759,76.72943924373058,27.72698103635293,61.65053066857366,shoulder_raise
170.1308955664601,169.7341986828699,168.02548129221088,52.182791042492944,92.75259776590822,83.59736376788753,shoulder_raise
177.58226902473277,172.59033142806874,169.0502374758242,66.78188811585564,49.13957389793106,62.88424004269051,shoulder_raise
171.84005774897742,160.510636742769,150.22369294271408,87.38955523522363,14.178164029985997,70.99180601333671,shoulder_raise
172.2997552589929,163.96342459244872,176.87192514795444,31.158140598611876,89.60634886300072,80.5196107733214,shoulder_raise
164.8148590704839,163.01488332552188,159.48698130558705,48.82579813297335,32.120620884903104,89.95566195017693,shoulder_raise
164.59304672479163,176.61269653965715,154.7735324127142,98.32079314845554,30.297111245477637,66.86754219134369,shoulder_raise
171.17128133535812,162.40571430312187,174.50460202437304,38.34827027787054,59.43429114414974,71.98535242772988,shoulder_raise
172.0528130465157,161.1097197304863,155.05856285494704,28.701340648485957,37.18461334742667,55.79656627433359,shoulder_raise
178.4384264154858,170.259089010226,168.70725443108054,45.38649490884027,34.86215269305204,70.12708680928853,shoulder_raise
165.88645949669666,166.87291851459528,163.58252622812572,57.98736341067022,98.58826106036548,58.93290352647762,shoulder_raise
169.75952329765295,162.99023478978677,160.49997698123917,75.97141109004437,25.70159293845171,73.25405230200172,shoulder_raise
168.33402047136013,161.03159088808945,177.99225724435334,50.15626692489534,80.55338821760496,66.652539549272,shoulder_raise
178.7472064315757,165.80940668857795,162.3669194906309,79.50346042203934,40.93005837527713,64.57428285340717,shoulder_raise
179.89646346828448,171.11229051380704,170.68141361010444,69.69428990305684,84.5131732440915,84.47300397766972,shoulder_raise
171.26512264940618,165.891121499328,150.68400742724907,67.22427634046721,84.29219499390577,68.02159222046637,shoulder_raise
163.29412280981728,165.76164145871283,165.29966788535594,86.11790361310166,25.45778314615786,74.48599502838057,shoulder_raise
175.0673722790109,178.72095040669646,153.5011107503658,93.74328890398738,64.13207816570315,80.66806349729144,shoulder_raise
161.07549419137112,170.1229631128119,168.6788902224238,41.08087638919142,48.84851872911274,72.17192541118392,shoulder_raise
171.0509587954596,160.83723050813677,163.18445299736678,33.17454315733963,92.50255702768148,89.06319960493336,shoulder_raise
165.9929379270414,163.50370794502118,156.58512452845028,55.608941705001065,88.70550392018606,70.00144859750559,shoulder_raise
161.10784123430597,160.7977120542629,156.82172836868546,86.63555859680145,65.93325017816295,72.51831415145166,shoulder_raise
166.37939185165285,178.58850810092375,159.93534734886398,85.97027507550047,90.63131661782957,69.33340052864547,shoulder_raise
177.88578538961485,165.53606574782094,169.75300278549827,22.476918624572832,52.65407926831545,58.69327208633392,shoulder_raise
161.25526555861205,160.0745101615524,159.74256349322425,65.11010053562484,50.970731288604156,62.07077194077984,shoulder_raise
179.82400061552502,178.79050079959356,153.7695992051249,50.28413126682206,68.39622405942498,79.33963190119746,shoulder_raise
167.3274430981898,174.92563625470694,153.72450038732035,43.2040731469049,74.47898581803145,75.02731161041501,shoulder_raise
176.7442042972331,160.9371404533431,155.23175153469145,19.12203949311715,27.29028018242902,50.1713124253174,shoulder_raise
170.08420603357732,170.56628791136512,169.73675344217983,47.717558012088695,10.28869216166656,76.95564617630549,shoulder_raise
161.08582175495826,177.32340861635487,150.67961963123813,60.090385476813765,90.54260941469687,72.8995830315512,shoulder_raise
172.1683349308786,173.6322169667481,153.672265431914,72.36880356889756,89.23193938115337,88.96883331341266,shoulder_raise
168.86103998716695,166.89009703355094,172.59928846788952,61.14431448810174,33.15741890095274,56.88631539878812,shoulder_raise
163.40460601185487,169.18354073212305,155.1037321684695,16.67611024097629,14.6879897472721,87.19538175811863,shoulder_raise
161.45922682320273,161.46361381161918,163.535653366006,35.833523998477766,96.6424466955248,86.43943357991216,shoulder_raise
168.09486497342533,168.97463038832518,161.2534095922671,18.2186199146659,36.356215532923784,54.906938784479365,shoulder_raise
162.04740660030245,171.21723145872775,152.96294573140688,23.749162522597405,53.24623433374137,67.69129460490555,shoulder_raise
162.7526957026474,160.08898049617727,155.78923325303532,35.050841605473465,82.02235992479808,86.6175340210886,shoulder_raise
168.1188879497594,168.10053453001956,171.374438512796,68.28837133489856,26.572616802406824,54.30756489183445,shoulder_raise
168.752237813101,171.29656726325527,154.16122809476428,39.92824693971779,37.53486967875174,60.451928040966564,shoulder_raise
169.21522532583583,173.06127168639478,165.28169650847977,32.12380779102426,19.264514234265977,82.87481851594802,shoulder_raise
169.58609365435572,161.24278368267755,157.74364498948674,83.34287116265315,77.6553692296195,85.03266531589512,shoulder_raise
172.04175652003383,168.4581186871611,162.79904992663353,31.490003781900217,68.57190653660936,73.40275024371417,shoulder_raise
163.09728822857673,177.7132584009075,161.0540460993179,19.22779506929082,39.50928287018054,84.79426858846304,shoulder_raise
178.3391317172357,169.80796834519268,178.69019820220254,89.39555378301796,84.27076453893028,84.38840258728824,shoulder_raise
167.63750824337646,175.12937881511087,167.32017009228449,76.17314014792606,26.000749682269717,79.25575647099768,shoulder_raise
179.15184868388343,166.0532664476286,179.5848397186688,47.16196125845654,27.97511473189296,54.49144919200953,shoulder_raise
175.69923826576354,171.09650800753136,159.21393880986088,66.71828143246941,39.889106905690426,67.93431029313835,shoulder_raise
177.2532825150618,173.3633295371833,172.8720551911415,64.59695187491398,99.22582439970589,59.65640265163571,shoulder_raise
165.2458232143763,161.85117877476665,166.6205850621213,67.13553509471126,75.33654156089378,63.41783703797044,shoulder_raise
160.24513603730054,172.6445907417664,179.96086477561147,40.03669507214936,26.554100722211775,61.27067831305413,shoulder_raise
168.50830949554094,165.0182585790513,160.4088007610259,69.24757277924581,41.05251881583533,65.84235779134619,shoulder_raise
160.80062525598527,178.35885003245738,162.20657879744562,42.892198862957514,17.783577662084603,75.36732861580734,shoulder_raise
177.2764990052751,160.823064001048,154.35817402098107,27.44313545532762,64.20473698130135,86.84922010873476,shoulder_raise
168.7553673413102,166.87612896387702,172.97522056790075,78.11837024923037,32.20805253494886,56.43305449231544,shoulder_raise
167.15620064830713,175.51206784453262,170.85190169744936,71.59756504027744,84.64857041468835,61.085212493655746,shoulder_raise
166.7936745093902,160.8467890121835,176.062373274106,64.50652746838514,36.831006269532395,52.776661257974624,shoulder_raise
174.46819006324918,174.97475039098123,169.9853595634507,32.32138253047201,92.18944526577444,80.12632076083506,shoulder_raise
173.1551264716794,173.01887846843576,177.13073100274923,93.90610631325552,63.60736762092159,66.66677643850193,shoulder_raise
167.27467959118832,176.38157682161446,169.33816019503,21.56761257156056,22.796741171352448,86.00743580419385,shoulder_raise
177.68996296209002,179.03664897394938,162.8355290198497,81.64517714946011,84.54025245828895,62.62787623352772,shoulder_raise
162.90675422454285,179.94052723278347,150.9065761125405,65.77355309047266,68.5191046763538,77.27157367878593,shoulder_raise
165.1125548793818,174.431584885977,156.49198689843797,85.468251738893,29.72050066761711,77.8682411630431,shoulder_raise
175.6682697166795,163.77891500924378,157.13959462897807,81.22381779242119,17.739907447145757,57.630438098666566,shoulder_raise
169.1106181237983,178.6036385748954,166.85633504679032,47.95261709769917,98.0533200000229,68.54845224885153,shoulder_raise
168.67469947374963,168.23288633775448,159.36540217820388,42.68405882769467,71.90533539365482,51.63342389367524,shoulder_raise
173.63633451292637,164.02408996251745,96.10496038453914,14.396169176809959,76.33012528869638,96.46752224760698,elbow_flexion
167.0931115211273,163.26833155080527,77.18066983174106,34.543387555767175,42.11784820718229,98.73512965056136,elbow_flexion
166.6239881361242,163.77465108685925,137.2770271552917,24.0563508842562,13.753270152976768,107.99712096721993,elbow_flexion
162.95506890144216,167.06813952906182,96.17535619948488,24.6828969777524,104.25328268010048,60.30451398375634,elbow_flexion
178.6494410267215,172.91978920406024,164.07786549787227,34.52168612249457,121.34058616998603,90.0500275467839,elbow_flexion
167.14617965754348,168.85828126227207,128.96387724609355,22.80795579299009,97.8007340161347,64.59240080400147,elbow_flexion
176.59973297969776,164.08377279284008,163.2737131429667,14.666373998118036,25.49970353228774,100.59380552936963,elbow_flexion
176.3740365540603,174.77518839762496,165.26365566856455,18.11618886056248,109.1978486788345,77.60202650217104,elbow_flexion
170.74797251138682,168.91200059402658,50.702002720832866,27.23386580617473,99.70070653167436,68.72761917876356,elbow_flexion
178.63311723786074,170.60799078837007,71.38952037813122,29.37842712750656,33.03072502184128,63.17666741476682,elbow_flexion
173.70630484838483,162.2138976661099,62.74609380517224,32.1983068954544,16.62426798496854,100.48845895239774,elbow_flexion
175.92297517295654,162.8278685615553,112.20567767323627,12.89876472906827,85.90854637431846,63.14650064852733,elbow_flexion
178.88961712645494,164.15461470739163,131.9473587138374,13.848742731313301,35.15157379921318,82.54748244416854,elbow_flexion
171.46192282683032,179.97726480783365,53.111147370913294,10.009432589322609,52.044051365793756,78.307818390121,elbow_flexion
177.67674472197263,178.25165095394604,155.66299716311826,14.295362514581434,59.45258022172881,97.29425811475116,elbow_flexion
166.25222135568484,173.26476057021102,78.45714358293104,19.702577738824242,113.25155792181806,72.52545180444976,elbow_flexion
179.28648173769727,166.12519121873694,52.82337317879328,17.64702711407711,30.54459306921109,85.34134831087749,elbow_flexion
162.2543213265572,172.5209775449082,154.98788846677934,20.87556645411207,30.219126316648534,80.00124978922065,elbow_flexion
175.71933642901254,171.82975348159192,62.137185599312375,26.115614629811,66.17024577467119,76.35561280105807,elbow_flexion
162.20321192106647,179.6222387124055,71.12519838719066,15.782286723722365,27.4699230522683,88.5096519349469,elbow_flexion
168.873391489654,164.9911436405311,101.53080596258337,30.205655531851537,43.80406377983562,105.76228880151902,elbow_flexion
166.12692474355413,163.96358061645708,164.54814162473775,34.31681830354538,51.17651498121587,102.0715925571938,elbow_flexion
170.376284983076,166.93504996522125,150.7533907447057,32.56495200593321,45.7449811171727,90.33392576289869,elbow_flexion
167.38780447039593,160.02103945120777,165.41788896803354,26.488872282185103,81.81191219989398,89.99457128386474,elbow_flexion
171.01282921638807,165.80095689547187,166.58913498896675,28.650052375458547,90.51056326647537,82.73963786585249,elbow_flexion
165.75722800981566,161.2869796434986,92.02762358814635,15.282922878051764,89.45059219084142,103.95019424013597,elbow_flexion
166.05509716491304,166.65765250828093,130.4437404594814,14.47814302723709,121.5324912013239,78.19233905127416,elbow_flexion
162.02398891853548,163.49368009841282,161.92952912089498,17.4135786510706,89.47225645975436,67.80826117691325,elbow_flexion
163.88203384697556,177.58476437799956,67.76398641230742,10.562517602088375,70.14798274315315,103.13634066314674,elbow_flexion
166.51982090831248,162.5632454129142,167.86769954787655,30.3021588846824,112.08287583377877,97.60691361644618,elbow_flexion
173.9648454797838,167.6912813426184,88.92079918443673,31.508757876834224,96.00556098126762,107.52941920245466,elbow_flexion
171.37319635696645,165.89242211575348,108.7434559196573,28.411414501777575,61.2075759492295,99.55665616797741,elbow_flexion
171.69226424431676,160.18871455255302,118.38078658784102,29.008113578255827,119.83135018528849,80.68608368320943,elbow_flexion
171.48935318542718,169.49994901428747,113.79877141626625,12.019122120069895,117.67404010397217,105.52061699158128,elbow_flexion
170.96119219685266,171.13111031441892,56.906724313274545,27.938515393592702,61.4982147854995,95.45218151172186,elbow_flexion
160.94249833191145,174.21775365458979,84.42725885987767,29.55115991359324,85.25511703745477,71.34207423161163,elbow_flexion
168.80904690432533,176.71266518106648,122.67099723137287,12.062149059352343,63.14905975849956,75.58857293889585,elbow_flexion
172.83291357823265,172.2912788259052,51.24777218121687,28.23086528255389,98.18195847819241,98.43650162007877,elbow_flexion
161.17951540779922,166.0731683421974,100.55282726618287,15.393151233847355,60.48806453980118,63.556476791279614,elbow_flexion
162.26434566014103,173.3738952568684,81.5086953392186,31.342175424387175,15.773023362000158,88.13515265217515,elbow_flexion
167.8289732717368,175.9394278383093,144.07418962466744,21.266789273725244,84.72568169052572,71.3774434409744,elbow_flexion
171.6081367236084,161.62529387895046,102.15251409423321,15.481830446143274,116.00574185098273,82.24504089834159,elbow_flexion
171.8154749727507,167.2076372066002,84.64892422877634,16.087593491846008,119.42458992004235,99.97328912134763,elbow_flexion
162.6652228886206,174.93449752583598,100.22369324439839,10.461899648817095,73.40407844514664,66.50232200424331,elbow_flexion
164.1986862618719,173.92081922848186,80.85704445694353,36.7566460552545,88.8603710109004,101.61417424554045,elbow_flexion
172.30379076660367,177.3769918204403,93.40216100265802,26.47421730656739,71.90684805332003,105.18953540389853,elbow_flexion
163.29830817217228,171.56121526373386,140.53174330723766,21.10149281600981,114.10978295391716,78.65073835388671,elbow_flexion
163.46617519791832,171.68096710810065,100.4681612044775,10.455703140460136,18.380631099220388,69.7638590103295,elbow_flexion
175.38659919036306,177.84079032067496,115.4769048817067,13.166963875423704,74.13027426902151,102.78027302984725,elbow_flexion
174.98955258245178,165.8219632739475,64.86687311460294,37.02045099286729,112.49064959586532,62.68576825726129,elbow_flexion
176.4734897964913,161.94425275569878,57.594036008244444,32.758026914387784,74.35727463099497,80.72740120451594,elbow_flexion
178.07724391952044,176.7860714413551,56.91481658564679,28.48261725823517,102.67208838489499,87.5245289887476,elbow_flexion
179.66010998152376,173.72095009295097,62.49716152364304,15.948940359998604,109.14947454393544,109.837833657215,elbow_flexion
161.9667853374478,162.00658635690098,141.606446497194,11.930628451496187,18.227213927781698,104.44082415048312,elbow_flexion
176.008996246369,177.63126399728765,128.06160825593042,19.676092658165754,118.75758283993494,74.9361762487216,elbow_flexion
165.510216789097,177.7280083838554,131.69871109918495,36.87016254127728,28.708154710476688,107.61483988828157,elbow_flexion
172.25484313400653,173.36070088186855,159.6872696391742,21.42258924083886,96.34899936350347,92.0170310562242,elbow_flexion
175.7550543773192,177.93885583666614,131.60730265161135,12.02918663509193,31.976841501973627,107.6989091133542,elbow_flexion
179.37300946754453,179.34826627396725,54.41592804801416,21.47344503848255,101.16072447855953,97.64429018289155,elbow_flexion
161.71817809899918,172.18977774179038,67.1443542249029,24.796279986033802,38.76228410093458,62.65805858673638,elbow_flexion
161.60038851053218,178.21785899459817,139.3575157041841,37.95471945318852,66.39879188002632,80.66462494764022,elbow_flexion
167.16814585004192,172.3261419210418,92.18712643656004,32.388197019460186,106.15807914590346,103.79222967146904,elbow_flexion
164.85601860490556,170.5404409858475,76.81335400758066,11.126674702610234,94.93903650038052,87.44906369675623,elbow_flexion
174.47854559106167,161.75245822813073,169.46314148743303,39.83045700841096,65.79997906042152,103.3029357591918,elbow_flexion
164.87137111611113,174.75132322446595,155.5071028176279,34.43998798242336,107.4128893889389,83.15133160444326,elbow_flexion
176.39979895557545,173.814096260426,65.89416777730452,13.425532121935603,102.63065631215679,91.27320443864619,elbow_flexion
170.38752234382756,178.14523581697657,129.15084282454623,21.884402352649005,59.67181698114206,90.26221804087925,elbow_flexion
175.20550569372696,171.28706613898248,111.05130586630156,31.807021079625454,94.63174598884436,101.51734203067805,elbow_flexion
161.25103572554588,175.09904264163958,111.6512541142028,12.240793600994557,91.48120338034236,95.82700970009714,elbow_flexion
170.4725433908937,175.87597955299526,86.02977303551617,16.057216555943086,52.088074209193415,80.50252566479888,elbow_flexion
173.9186720480434,176.91039875756456,136.51018280944118,15.219626772088045,53.94605017603089,67.9206856723889,elbow_flexion
173.73448399116103,164.96343756433788,113.04643194222162,33.75489529584053,90.51271299059381,74.91869953325664,elbow_flexion
166.65733501232683,173.06728573206064,115.93612992079329,12.891804624101333,114.87899071282554,85.63066240268142,elbow_flexion
169.46722026394932,163.96878673264524,95.23925827646448,19.984745869452972,42.48828193953122,88.37032873233866,elbow_flexion
169.24550720560563,177.78395370629335,162.9612772456593,16.584202876842724,22.012651452065263,99.26687757438748,elbow_flexion
179.89722807277218,177.27200139708307,52.843688254248164,17.53790652119398,15.20107324495167,101.03896885205833,elbow_flexion
171.62813952584634,170.2743708233411,116.53398583958331,17.573537760897736,82.19660429666354,61.5333489232015,elbow_flexion
172.9202344794168,174.68867660357662,130.76315164541927,19.963525549366608,109.15154981530512,95.7771998558741,elbow_flexion
162.56594645848557,163.9028844107663,126.45300958138864,18.682484006680784,24.331952973548432,67.7484496574946,elbow_flexion
163.312343610808,169.55581813636763,122.88625441153968,15.292068245632448,95.49959324358653,74.05063037507642,elbow_flexion
166.23116276787923,164.46997242148214,144.22473631318292,38.79441498810631,69.09998184137112,62.10153207159961,elbow_flexion
165.21138632850952,163.16100582237692,151.13147418224213,12.545619622996155,125.97714888260606,89.4256888312313,elbow_flexion
170.35479574148326,176.94701244838373,53.30571455497474,33.314582482210284,23.992485468221986,102.0389049470216,elbow_flexion
170.58352438475723,161.22258804720184,149.9894046561589,10.819423512137549,26.60448314723242,99.89122619133144,elbow_flexion
169.29742247715782,177.62777408709667,126.25151273493002,28.70586263111224,45.06821273584178,66.68402617758667,elbow_flexion
179.22344781793365,162.0959537828679,113.48127200882811,18.177057725043408,41.696879629774564,89.72931096514066,elbow_flexion
175.95868234357738,175.54358965662558,154.25620270322642,18.787082137371012,65.89016580580886,60.46672866100125,elbow_flexion
174.9371524627273,166.04686224284566,117.37922399242238,15.07900846058352,108.32794085611943,100.86361096391389,elbow_flexion
177.54905829505913,160.91873994213447,169.09504517300167,17.433382433190836,47.13204232568194,72.46678645952231,elbow_flexion
165.35065396733066,171.05322712207294,78.77726531645355,21.813139342012143,88.67278989318584,101.80131017888634,elbow_flexion
173.8548300053376,171.88645689574648,67.72742750492824,34.48346804623848,14.472986559164642,73.2095831617651,elbow_flexion
161.14117833863924,173.34857951168925,94.20452991122174,29.561454496146002,51.64371511643083,82.78703653997471,elbow_flexion
169.15922020332363,160.91161307335088,101.62718316152043,29.23193089345608,75.52626952905206,63.76418831391436,elbow_flexion
173.36111971373498,166.1772550983052,51.73217633348265,14.667866712527356,69.70715887798714,75.52008295150344,elbow_flexion
173.88766027507103,164.8130695113153,142.73554021702023,18.594315441819397,84.50364491012988,99.960819012559,elbow_flexion
167.71112257287498,160.9360988363094,114.25346252706571,39.862271846335005,126.27902396522963,71.0511096972084,elbow_flexion
175.11393018848506,166.89903663640132,69.23269762197097,29.9774410180748,70.10424754321227,86.96152788278387,elbow_flexion
176.54785324471015,166.73087351774845,130.05137114667957,20.985744008878758,15.126867589651503,78.90075536681745,elbow_flexion
179.0006892640827,169.66524964176836,62.98765242042418,30.634804881286776,125.60552196622255,105.39726232721286,elbow_flexion
171.43921675616278,167.52561488697063,119.68132022110885,34.47793186597748,113.34848104221452,100.94219424712206,elbow_flexion
169.10952756883475,162.3771597914046,118.30081120865316,14.692864841000956,17.31500006774272,84.93339167144305,elbow_flexion
173.10746900093255,177.08294612812787,143.94026647451642,35.71721538269645,101.20825249850687,95.16196984530697,elbow_flexion
160.202751382814,172.52204623618422,64.45781649669412,11.760013969976232,28.769458252678646,101.1646080720875,elbow_flexion
174.87698786200042,178.97544810410426,167.47715103804927,36.79851959121946,25.9511261172399,103.91913704624902,elbow_flexion
176.7727426957729,177.42171719719394,68.20227405397897,13.503754833199526,120.8570655500898,68.69133245672522,elbow_flexion
167.37243462085203,169.11969698988122,64.93310333954773,10.619028640976422,129.29085637205395,103.83286224174805,elbow_flexion
178.24675858701275,165.69126138544237,76.41218872945268,22.7759967452628,64.39832427736081,60.27997194321203,elbow_flexion
175.58506225119666,179.93334076284034,113.44290441225073,21.647760850373537,57.130227186544396,64.80385660860503,elbow_flexion
165.32323636728023,170.04265577269263,101.82176013616368,26.351042372293307,111.8878778364888,71.2621151349806,elbow_flexion
160.55328361812624,160.76450890565482,66.100256636823,27.114489544132077,106.98217720455096,104.34029696403158,elbow_flexion
172.70226403949943,168.06286504901786,68.54176497873769,22.04255018330437,49.889816068934024,103.50129404285688,elbow_flexion
169.73438754821214,164.52391799909057,84.6561280178936,14.09410493628067,120.23025388829575,62.517292311823425,elbow_flexion
160.25692497111788,163.65977867053738,147.3048821492751,25.704003598932438,85.10119448523837,77.88658377078674,elbow_flexion
161.37355971098341,177.12316324984337,73.02731265504889,10.991776016353441,78.72449631198324,64.16446101923006,elbow_flexion
161.91523703719668,176.0075406296505,108.99315071815946,17.24525356741429,51.835170803142255,96.46204894215857,elbow_flexion
161.32708289513204,162.3296123186642,123.95144419886836,28.20915203401322,126.69546214424462,78.72747406277247,elbow_flexion
161.30155254355032,170.75074869699256,126.60161741141484,14.188083573587473,76.3434368242236,69.88835608291323,elbow_flexion
176.89460115762137,176.7032299156766,101.55549151981302,39.00229571538412,127.572864933969,66.46255444738098,elbow_flexion
167.35427609664936,172.0064294009329,60.18053714977333,21.47966511442411,41.34065008199089,107.6025110483352,elbow_flexion
168.2317164566294,175.25341717095026,96.40464362146085,13.954362112565065,113.5781836193017,60.02084584515519,elbow_flexion
161.118817479489,167.28768811794086,132.42779066224838,20.25112885872327,17.957538114516996,75.89200168670745,elbow_flexion
164.89961717980324,160.10839599636395,114.17622958164822,13.499377442325581,44.49955465559994,92.05949151112073,elbow_flexion
174.50231377645954,165.26911253712046,89.50324052782808,17.407277143823958,124.82663203794303,69.52598634937014,elbow_flexion
163.66361207267352,168.90070591663064,72.71676310406829,14.701253688568244,21.505544524130258,92.00856240541248,elbow_flexion
172.2416450980379,173.00325783755932,142.79600096112756,19.790740383777276,120.21084803343058,96.6602305534378,elbow_flexion
176.09417177162373,174.41924327653422,93.01467745190742,18.49097464187905,60.7020483494817,64.85151802666792,elbow_flexion
169.02561003131893,160.8628196619048,50.47351520326334,37.94496818424078,92.72042327054714,88.09234735329845,elbow_flexion
166.82204078846115,171.4107602937015,156.9890931605998,29.57140401831594,82.29783975442051,83.0102251485839,elbow_flexion
166.91394061301716,173.97094227843422,167.71771292189771,22.742730805617704,57.064624481704094,81.40567361825212,elbow_flexion
168.51087936099444,179.8124954673699,134.8133909011209,20.77553347631775,54.58028485920671,81.5398462372028,elbow_flexion
160.734243751609,170.556328040425,147.36571418273178,29.817033796225317,33.81050161138499,96.4017120689185,elbow_flexion
174.3891721266406,165.25078431297993,124.74495882283222,28.328470993658083,110.77451486274178,66.80361559167207,elbow_flexion
163.89677009023046,169.7193900753561,55.297417867076845,22.467825928051198,104.5862850399668,67.43571969919991,elbow_flexion
169.1989747387305,179.7953846676489,110.71040161098372,24.949714723662716,77.05523004690018,69.30021851663706,elbow_flexion
162.9432776537189,173.54709258230218,97.49201718869242,18.697198846464275,13.76699439038771,102.30252485892413,elbow_flexion
160.64657731689667,174.99966248166638,95.83862707982972,27.960634315139504,39.72136008281948,67.76998331160365,elbow_flexion
170.66776001669894,173.91235389908286,73.45919539341759,23.090768422976925,63.35859643496748,70.79895745397314,elbow_flexion
171.30098892504262,162.91871373563401,111.1699007982296,13.402945340979985,68.2650890626165,75.57995274377784,elbow_flexion
169.0449258416307,168.6749871888635,158.95197473823114,24.698067998693883,108.21986846522493,71.28261964558575,elbow_flexion
167.04165589268518,161.5017876126638,100.48973537857924,30.06099661224793,110.58004409312754,88.29574558995776,elbow_flexion
172.80145339186157,163.54534155233895,54.46472458801273,33.75064435531948,30.04458489295437,64.55847677663762,elbow_flexion
178.7512464181319,179.27042728118352,123.95087499229936,21.3591181806188,109.98874491568624,70.23599796677063,elbow_flexion
168.58784654859363,167.14034598001203,159.5239988890018,37.59332246086821,88.10631115883996,65.5370070136346,elbow_flexion
169.64385579316604,164.90656732448113,156.18987958213782,14.152083970486057,16.517233103284884,95.22145167750392,elbow_flexion
169.06572149936306,176.7672977520617,58.95555574031741,34.03228397823527,14.480170341298999,61.40350059569785,elbow_flexion
169.2263150346206,164.42582579361303,121.24624484078367,10.774509826344113,14.246745083557425,96.35742480859702,elbow_flexion
164.20330324984624,173.12834247321467,139.99065938009102,11.779934971749023,102.37047453570871,73.4210608980643,elbow_flexion
167.79091916399497,161.73278384590634,150.63559800378232,26.821863589772917,70.55983334166066,108.42774054513778,elbow_flexion
166.69011519881343,177.81558572953392,136.3625457277525,37.85584407556716,118.93624633149517,109.55149025130348,elbow_flexion
162.63353504074314,175.9203278418319,146.53932259370038,29.331205845354603,43.463314988584244,108.25741358141576,elbow_flexion
164.0884427578042,169.99150756716878,112.57845353830234,14.854880345081165,96.70345867998891,64.44335820901199,elbow_flexion
173.8619555769342,176.97230992581274,91.92757100988794,31.282624257976007,28.812880977741976,102.29745007264393,elbow_flexion
179.0406339710645,163.05387386999553,133.02313687667987,25.174932896695772,73.77991981988544,95.32448593003441,elbow_flexion
169.77480998672874,172.00652784035432,77.70812232936527,21.355197894658907,113.82884200858024,65.49512558241928,elbow_flexion
171.9515052186728,163.6857412446978,151.58475175080463,27.371318615606494,58.365853920432535,72.4912336825909,elbow_flexion
168.7368939837927,179.15224651843485,111.10511476923446,24.084685950995805,99.55285762003709,78.95235354159533,elbow_flexion
168.5484789976159,166.7389546314324,68.11037063952696,31.414276426079518,114.76370966603486,105.27963246213828,elbow_flexion
177.6160587607556,169.03567604875985,84.08794306438355,29.137712488024704,124.5645894287238,96.35253240843025,elbow_flexion
169.89697123180312,173.77617149026895,142.70454949452764,37.57807783984212,101.58589047665849,81.65952778179528,elbow_flexion
165.4721303693097,169.99763329459182,89.38135335265662,38.28293778063442,70.95590121399547,83.60281679820042,elbow_flexion
166.96392436309725,172.788139805832,112.40615343451373,13.871467686947696,114.30493729965934,77.95064160718992,elbow_flexion
168.65156859916308,164.11334113327158,116.4077849141467,31.06165187285749,115.73983847511275,62.58038324861313,elbow_flexion
179.46663819398756,174.07635484040713,84.11584212938209,16.134242650418983,45.530550238551754,103.78628758332212,elbow_flexion
165.827803463919,169.2564226911447,134.68856650906793,36.15969591171657,89.02853948153249,97.65545982672114,elbow_flexion
163.46653592591912,177.54815655382276,83.08630203417329,13.851344921695471,127.14931484088031,70.08199627270805,elbow_flexion
162.73303940155952,172.52041800203574,88.26357793953144,14.000476155414798,82.13453406590513,97.94926136111178,elbow_flexion
175.86396748414313,163.11025202024544,116.82404815279307,34.41035112044382,29.33044137090223,70.38411258853374,elbow_flexion
160.04822794863355,170.49268312790576,73.36180362343411,31.727277271806972,125.46566267411269,70.43777444995351,elbow_flexion
172.98194023527066,164.23668922917022,52.16082307756448,32.75662582643754,62.08056119810714,107.33934307573266,elbow_flexion
170.6857176428681,163.14965737951368,103.97293301567335,16.086753844180492,115.36351272238893,94.54515904437625,elbow_flexion
166.82477609309407,170.5564064561428,130.3376225855634,33.48573149936276,19.617665184465004,61.12594209976234,elbow_flexion
162.2890539433978,167.89992620345126,106.00479320985104,14.093848906415452,59.338376547952635,82.08113931809152,elbow_flexion
162.18179927354973,178.3331992039147,121.8975113105249,21.65606591368846,70.8288620166648,75.70987432344033,elbow_flexion
177.08662063289185,171.50030083137008,109.38749772722522,37.32656209286793,110.55756378808812,100.64009457129247,elbow_flexion
164.51218408463689,163.06246222936713,132.81158236552972,24.059267690241875,92.04552555482123,98.03136160555582,elbow_flexion
165.90627014689503,165.69300866245618,108.89978795098205,18.206479405794923,90.07543312194395,97.33652229403583,elbow_flexion
169.4407789210649,174.47599531197287,111.25250828849315,31.386151659010277,36.996189735487036,96.9421522966521,elbow_flexion
174.30248046914036,165.33211414098355,116.716518924821,35.65935003623205,39.94271763669268,96.79898920073381,elbow_flexion
179.07933434293773,177.3248383951513,98.18240992163314,28.216231989644154,129.01241611032447,88.42187056878592,elbow_flexion
162.30055204860733,160.90861509557521,144.8377411692834,22.708849762055387,39.61754687550333,77.38360153304735,elbow_flexion
175.14745733092906,169.30494671267658,154.2199391031052,32.04776766333098,126.881698053451,104.42518833949217,elbow_flexion
165.09094423572017,173.18118465605107,52.465164143377265,39.73320173288795,41.32073305631159,93.23975468117919,elbow_flexion
176.9830724239913,163.20929325455944,151.7455211372575,10.367369973724673,63.037256570248886,83.60188112655692,elbow_flexion
167.4818142651747,171.72769492601,159.78108184431585,19.809673429008672,79.5111864599709,103.87312628716614,elbow_flexion
175.45990790202757,160.81466529610992,163.13489169531948,11.399407127758382,80.65101692491955,88.76768101575824,elbow_flexion
175.7278046140463,162.96886103697955,71.52444704752446,32.563207982150814,27.940570289395012,83.47225635328198,elbow_flexion
174.63296180421864,173.02483857565363,75.27250233357142,19.118807760582566,126.27698838892492,82.4335310077442,elbow_flexion
160.88914952872761,164.39169798932664,91.09221075942051,39.984682128837576,46.32298569723024,61.31979243912725,elbow_flexion
170.25843155110672,161.67210769947954,82.88811184348663,39.77149528281817,94.55662227161852,62.533331464143515,elbow_flexion
168.97373437183592,163.432750252577,64.75335876825456,27.611962400464062,70.67870675682587,97.14332921577541,elbow_flexion
177.8461245646372,164.93363714863324,160.75903839864765,25.539753176622863,41.06019018221406,102.28929190513047,elbow_flexion
160.71059836058046,171.1901875494592,136.594584203596,18.399330614684295,113.61903010758614,72.01422816789925,elbow_flexion
176.79748565463478,161.57089927664916,69.19131102421176,21.429537517057245,112.48666153578151,67.22926825633913,elbow_flexion
177.50876479588482,164.59463053225588,104.30100783134344,20.58203212781013,24.175147193742824,107.215486975957,elbow_flexion
168.76356581504427,173.8066252271239,119.03212119968373,25.051477505566222,83.98931482682188,104.91711531012145,elbow_flexion
173.98624751388218,170.64960158910444,127.42231527991716,28.191828415270646,61.97454489835757,91.23820050652252,elbow_flexion
168.87139600328328,175.15228755743826,166.26949802267427,38.79596072491688,108.48829437099765,90.08794485297426,elbow_flexion
174.9866397614148,163.56096590515108,107.48221487767071,17.71914294974093,10.419397733121652,108.3368787336038,elbow_flexion
177.27697123703683,170.27397236939854,80.49827457428081,30.7892563059771,62.1761301459913,100.16747667113498,elbow_flexion
179.990362203619,166.9816521497974,79.32836521736573,18.021474663842746,21.201549481680637,79.70230982500777,elbow_flexion
160.3485010543382,162.2879111480255,82.60348967272043,14.795883277284421,97.85909194008703,65.28023954339501,elbow_flexion
177.3198821004905,164.42229007421906,63.03087403658812,10.303199332937755,95.82460051865756,72.8308372969271,elbow_flexion
170.1899721027555,162.2323209334431,168.23551078834993,13.761542172098657,59.43111119702539,102.58247511672329,elbow_flexion
164.89773896960813,165.33943570692347,147.01994190688794,18.20018971576038,10.344557331377558,81.3956860244975,elbow_flexion
160.2507041935695,178.19584567658734,127.01758690150652,27.490427986637265,34.19074130348357,94.99730927143182,elbow_flexion
173.54509287356692,161.2092714785073,155.7015836972687,27.382400887894164,105.09602572463322,73.14570360644221,elbow_flexion
162.4409559950691,174.0489914637357,145.26592235061946,21.58100600857874,12.84307303795735,100.91270123269322,elbow_flexion
164.1218781266088,166.78063883794977,125.38772093325564,12.998641576339082,18.639491936615578,61.285188578763716,elbow_flexion
178.3327972047891,166.2276548853731,129.27905781405582,39.67705747053226,90.33409522743322,86.254739792809,elbow_flexion
170.41839867034477,167.53834296911103,121.97355871461023,38.763741686371134,104.56528404379722,81.21133085166187,elbow_flexion
166.64889658065067,177.67063059246243,66.29429907519125,35.48755770892905,40.609211361079886,95.7814617887959,elbow_flexion
176.1244116154966,169.53993034526945,73.07407713707292,35.34303230387126,54.10100140639777,76.03401302412597,elbow_flexion
170.20032364706879,168.70172482207835,131.9662660446469,14.115934251179961,62.28275848574476,104.5850905612602,elbow_flexion
160.72125418879452,169.14676666306653,129.2638359662252,36.63133261125956,81.25434723198109,101.22421356196642,elbow_flexion
164.45382037918574,167.0561887245572,163.05587287136512,36.579253392780586,76.95435792264455,83.77441688974227,elbow_flexion
169.02134782908917,161.17579323134032,157.08525247478804,34.54448525246006,64.75013736734405,73.97199863597368,elbow_flexion
166.8584121285306,162.4632117174578,136.6147689566867,26.70009569664573,38.0924107389874,91.15027860388449,elbow_flexion
179.5846042850995,162.4479027095236,105.01820127503933,24.824764627663804,30.01566565885629,86.57901054986574,elbow_flexion
172.1195451709618,163.1468907763699,68.56686788106516,35.69046146901268,47.366492400405384,91.51666935393155,elbow_flexion
172.5354615135043,176.78341751165271,138.7873557477828,35.217293003148335,85.02577475807988,82.47285802569971,elbow_flexion
167.8713304262615,167.58059533322873,100.20717174909893,13.879277564613108,60.875004520380045,79.47224536013105,elbow_flexion
160.69143326636464,165.5026151065268,140.22883696882602,27.33836714228876,106.74009961072362,87.13440221903824,elbow_flexion
177.08167530950536,175.92134199203434,61.79414841706965,39.31019104047977,11.769693628159455,89.84190189648092,elbow_flexion
175.85023018633524,166.63788279701808,121.82837507565895,20.86367592542345,17.273797000900228,60.42307595446655,elbow_flexion
161.89724060222377,161.96819188240093,123.30677328725,25.775956928875395,64.65559602077704,94.59607378012088,elbow_flexion
160.33652274024897,165.4196696283146,143.28712775451532,37.299313195513555,62.60039154850979,64.07419900692332,elbow_flexion
175.97457478456977,177.70340866545467,99.63923248324633,17.30065761760831,15.276600186753434,89.55414109474279,elbow_flexion
178.19738981125,173.55776051040652,88.06983174736813,29.286649728699008,109.84820889376306,83.7915029674729,elbow_flexion
176.39496979995678,167.8381935333271,91.82068143149247,27.48965877635662,65.76237012333775,108.85559602305416,elbow_flexion
170.3277884705635,167.70344057832042,97.39202517542435,26.4381985183935,52.589444560983445,96.1453300982468,elbow_flexion
167.61325855403283,167.68288773050486,124.03678992521655,11.825406180880298,88.64259017381754,85.24861085793435,elbow_flexion
169.06052228573284,174.38505981415904,140.99069384058333,35.38782590237378,54.97637449809367,76.35188461266905,elbow_flexion
174.28684202989038,171.63609718280892,125.816185562218,26.665687213175058,102.72316278446253,69.50204442460766,elbow_flexion
171.11424265482793,163.1620357788726,98.87023271491903,29.919814702482245,69.16859299770044,78.97957683360906,elbow_flexion
177.6994000283121,175.45651428994955,113.15489420004499,38.50159467026464,60.92383473219926,99.4036463794053,elbow_flexion
163.35872479602835,165.71584954221194,90.57026976007458,13.174622581135699,70.21657780912815,69.61300670632478,elbow_flexion
172.68371778899316,163.80184719146035,64.82075088071304,39.07260182796774,88.98883669733276,106.82254573542443,elbow_flexion
169.79775583986464,160.6680492612675,118.92454045177327,26.749866605071254,11.797072712391277,103.06210222009159,elbow_flexion
172.3994136123285,174.89382338752293,109.27053273890175,28.55207313724789,40.8963871874229,108.68788838843236,elbow_flexion
168.0144001509533,163.2465324267526,56.70985020495528,29.085157992561133,128.0055821411747,104.78972484231409,elbow_flexion
174.04209134972828,179.81195857985722,136.73939144505277,20.177533702041877,82.14617596722077,63.988332124278074,elbow_flexion
164.43364980445082,168.35080471856983,74.21821922756543,38.60503044484512,129.47170320935794,78.54679600608327,elbow_flexion
174.18457972154397,168.1554146132648,66.74110452634477,20.107805431063255,38.004603845879586,76.40391102037098,elbow_flexion
164.30043376795433,162.24690238116492,76.09141152348954,37.17271095489528,20.226601093183447,76.23783218776173,elbow_flexion
170.5689978900527,167.09025312356712,112.11285140226647,11.30260180703062,87.82835600372533,88.17394007780301,elbow_flexion
173.61932531709382,171.34515631654475,102.54842989107958,20.504246268822474,37.17222281197314,85.00338634033062,elbow_flexion
160.52104904755015,166.5648165619865,131.34467522774352,13.261511190590777,17.54694907834343,92.60893026456827,elbow_flexion
167.955494422847,176.03650073098763,162.47735647655887,38.71121361197731,61.071142467301506,73.21636121375161,elbow_flexion
172.17227477484957,172.56385851856473,124.68139232910761,19.653358411566437,17.650208370076363,70.50024194127995,elbow_flexion
163.08838856044468,162.4780069156662,161.15399852858877,10.415429379219038,82.22292870835861,107.37368978700684,elbow_flexion
167.20106254988255,170.54196178344924,133.49403961701915,19.515090839747167,67.3182385248699,100.8551425166376,elbow_flexion
174.90711330560526,176.1689882298568,168.4808196353187,21.10982424808537,99.65095155229277,90.13922835509915,elbow_flexion
173.33209534442392,174.7974780966587,139.96775803355777,36.57235447884459,51.91860102832665,92.67406780559553,elbow_flexion
165.60580863193712,171.8913741023395,140.14101682063136,33.73003258484921,60.41494035869473,85.43601116006799,elbow_flexion
166.67699702340346,163.3807269307926,81.26208862310386,37.36411014699473,47.076345089117915,108.73796667728051,elbow_flexion
164.82956170430762,174.46142174962088,118.86839522862029,30.906101485743957,87.27495359310173,95.33742917987945,elbow_flexion
178.11094096870917,171.26938992124963,58.14185394847942,18.124763033406985,94.98627764905166,84.70373139878367,elbow_flexion
170.97103965239373,171.93160910760582,95.9155127581484,33.216865752635655,96.82418606758583,95.7149706096557,elbow_flexion
174.30620348069888,177.80716003308495,121.44713353319293,39.01216598490875,24.30312212687655,91.59794882969322,elbow_flexion
174.33853091871592,169.5444082190872,84.58500637483237,26.501123581332973,53.76972163488433,105.45620355339082,elbow_flexion
167.1358482506651,163.51413985404258,119.16669681985434,21.879777741411083,21.507777376100922,88.24211754989543,elbow_flexion
170.75692822331402,163.4639417326639,121.71658027518114,27.02076921572467,102.83351476499091,78.07849649213172,elbow_flexion
164.9751904732728,179.02439773941552,117.34610273393457,10.81419876652541,108.48540209340919,69.83790304594704,elbow_flexion
175.72072635291687,174.1032485431193,166.2576469115789,38.967379047835784,42.929274958691195,98.32247906117092,elbow_flexion
166.33710171559846,172.58395877659188,121.72953019455117,11.63630546863494,10.621809980242908,62.888200729740475,elbow_flexion
162.55884095063482,165.15304982695548,158.8346267891075,25.55898026040059,105.62700866089465,101.9155876053604,elbow_flexion
174.69886197181083,167.82770248841143,153.66312726091792,32.261492599627616,99.1781732086063,105.07871635827846,elbow_flexion
171.97326944915366,170.57148859924354,156.81950691164903,23.633851844925907,107.38848352346115,62.692318022240386,elbow_flexion
160.02579888912643,170.56584979208714,58.833427257965624,39.29629040359191,10.660140884775853,95.90748182493232,elbow_flexion
164.8676939157244,179.35104010544111,95.78499807534754,10.818502787915955,13.232291849053928,87.66866858623443,elbow_flexion
179.73423958062563,179.59547070091438,90.47275667471189,24.48110947566691,22.05469669573793,86.10884279958658,elbow_flexion
171.99403198096547,165.02123331222643,123.45373230982085,36.990782550887616,10.114640010817663,71.44668871539723,elbow_flexion
164.19839126647875,162.47772406067654,69.93214552845222,28.77737636096163,22.323326818077117,96.92658045103607,elbow_flexion
177.74045181116767,178.53175448356737,129.2210977183641,15.921892319008482,20.235589064788947,71.60124769034998,elbow_flexion
179.23914371570086,179.24690403501424,95.83026607020105,19.77374623292652,71.20126987108785,74.58440457337004,elbow_flexion
179.59324903311128,164.42442780049154,94.29712186193223,22.88112627100535,25.00768276973946,79.14124133850649,elbow_flexion
177.13461440203946,162.80722002913518,120.08263409914247,22.199114141800504,30.464407134094568,60.61680822246029,elbow_flexion
165.46686606979802,161.23657921396003,95.21221655560822,34.30629567098037,96.36223130531349,107.36918558508835,elbow_flexion
168.54030834674137,174.15602797183706,129.8410066522424,16.511389094747788,46.42990062791902,86.49147666988802,elbow_flexion
175.93314638011844,169.23625468925866,77.32898434106328,39.80397070841109,23.869456762440215,107.7944453745664,elbow_flexion
176.18092576860977,176.77787038615705,145.39010997097992,16.24512823913866,85.90988528742902,97.8374906225466,elbow_flexion
174.913715842033,165.43130741088154,71.73432653164177,19.843689517436474,67.58133764528702,88.68903735318383,elbow_flexion
176.7390072463832,175.3806845540923,131.13806307998192,17.904678788282816,67.4656598721932,76.77179370639806,elbow_flexion
164.69856359101067,160.20490720766958,90.73543646848287,17.683488031438642,78.628279236018,63.11508851418561,elbow_flexion
165.41039193420403,160.8953897997683,126.97014854161233,27.045686757058746,50.49760276893679,67.36673002177719,elbow_flexion
179.1583966553747,171.68784894777227,131.49360398864815,25.940462598083556,106.7839897175446,104.81900247740606,elbow_flexion
167.65421087195259,173.80050624461222,77.58649814556763,29.555651414861153,57.89867559718631,60.33907997006525,elbow_flexion
179.11055736845242,177.36883091077436,84.9003860415234,39.93271942698581,48.05532094678409,82.94220932295374,elbow_flexion
177.02518052348833,166.09192702656082,104.0648341265,29.967615013697664,25.656106572691385,81.11751843458589,elbow_flexion
166.18819874723252,173.53548611729636,66.31632680724462,16.98194437302812,95.36514445029793,67.81121848620575,elbow_flexion
168.4403852447978,174.25761444185238,141.85620613160063,12.846435360150053,112.23947313033737,96.19861505649831,elbow_flexion
166.78589177386627,175.2760570466048,137.3958638408791,28.026736795251566,77.01774080870132,96.73517444497926,elbow_flexion
179.9851980341091,171.5710449863177,147.04614461146974,32.32821151946749,112.69700824405908,107.72624306920692,elbow_flexion
163.8616641492163,163.3091927279023,120.3622194097881,23.478851886595134,78.4867231503003,99.90213672427544,elbow_flexion
178.6342896009849,168.34831650397115,136.15191746523493,15.903975635242281,74.14623392254282,61.090238889026,elbow_flexion
170.07501134266195,170.90672918251,138.25344029339976,29.48454370620975,53.00760811669618,60.28654503565607,elbow_flexion
162.30971747245897,179.46121307034906,160.6799789978367,19.75279489243436,41.06235279086653,81.82081468450187,elbow_flexion
173.79880059224146,167.13655345315948,58.07526172773866,22.08385277333189,41.27067933777183,76.24650056056059,elbow_flexion
163.25914491574608,173.17680138891296,113.195711989427,18.12589351886063,76.46349775674896,84.6353923583619,elbow_flexion
175.91949713132055,179.11968538680404,65.68046107743871,36.517404367239486,94.57563259418825,94.62767726489524,elbow_flexion
